seg_id,id,wet,start_idx,end_idx,n_points,duration_h,path_km,displacement_km,start_hour,end_hour,max_dw_km,n_phases
0,AM105,0,12,44,33,53.5,16.009043653434905,1.3987918982187533,1.5,7.0,1.801330078575152,2
1,AM105,0,175,200,26,29.5,11.117810733035931,6.965658284383268,19.5,1.0,2.159899889977394,1
2,AM105,0,414,451,38,18.5,5.903169198790233,4.323212778746488,17.0,11.5,2.3689099581013293,3
3,AM105,0,662,688,27,14.516666666666652,4.907690378301962,1.1735716283156137,19.0,9.516666666666667,1.5739856094545415,2
4,AM105,0,795,824,30,21.0,8.845528721630423,1.3635023582094405,18.0,15.0,2.604128282582997,2
5,AM105,0,952,1034,83,107.5,28.872699416223824,2.2077247497585404,7.0,18.5,5.595361005633876,5
6,AM105,1,1140,1213,74,73.5,18.300426722259044,5.801469902737602,19.0,20.5,2.2033424031460664,2
7,AM105,1,1215,1240,26,14.5,8.228323245515472,3.0750421583038694,21.5,12.0,1.8305317094604527,2
8,AM105,1,1383,1440,58,47.0,19.48895728082662,1.3321676892141059,20.0,19.0,2.8128281199804657,2
9,AM105,1,1442,1488,47,27.5,16.23018580209378,2.275233045979484,20.0,23.5,2.3232164076245447,3
10,AM105,1,1574,1599,26,16.0,8.794297835628203,1.29399464225148,19.0,11.0,2.221905566840074,2
11,AM105,1,1603,1636,34,16.5,6.9808970557846095,4.6108952165612065,18.5,11.0,2.471237987741962,2
12,AM105,1,1691,1779,89,66.0,37.059259843781945,10.268016486341356,4.5,22.5,3.017777485421558,1
13,AM105,1,1885,1920,36,45.5,18.703018547367222,0.4947073385649564,18.5,16.0,4.196626888070624,4
14,AM105,1,2019,2058,40,36.0,26.762455371402705,20.839610414918997,20.0,8.0,4.275037141318798,3
15,AM105,1,2069,2140,72,100.5,50.20473256440329,10.829985001371075,17.516666666666666,22.016666666666666,4.414679646578421,2
16,AM105,1,2156,2195,40,30.5,17.346044049463245,2.363722397454484,22.0,4.5,2.570152079064794,4
17,AM105,1,2274,2302,29,47.0,27.925065639200707,18.213820996475633,13.0,12.0,4.479859704960669,2
18,AM105,1,2370,2403,34,16.5,6.730085670804803,1.7627965888082935,8.0,0.5,1.2137390268638375,2
19,AM105,1,2492,2516,25,23.0,6.424823384221419,2.4106661055444714,14.5,13.5,1.4384428630969346,1
20,AM105,1,2531,2555,25,25.5,12.519123462937415,7.940767008477218,8.0,9.5,2.1757434388971273,2
21,AM105,1,2588,2628,41,24.033333333333303,14.961598271463203,0.5508676355221191,7.0,7.033333333333333,2.4646859149032863,2
22,AM105,1,2688,2728,41,26.51666666666688,10.928340204724606,1.6692799478737177,17.5,20.016666666666666,2.4590252150793357,3
23,AM105,1,2883,2918,36,21.0,10.237035967157187,2.2995449372748396,9.5,6.5,2.4312516758956986,3
24,AM105,1,2933,2987,55,45.01666666666688,22.38886175611186,0.6606533751511006,14.0,11.016666666666667,1.9913588763753862,2
25,AM105,1,2992,3020,29,17.0,7.740735983973409,2.4501194159637585,13.5,6.5,1.8750683740490421,2
26,AM105,1,3310,3341,32,22.0,9.054072749183852,2.5714502281423326,18.0,16.0,1.1148078852585426,1
27,AM105,1,3342,3374,33,35.5,14.78433674303307,0.12719609186681824,16.5,4.0,2.23711739019725,3
28,AM105,1,3394,3429,36,38.5,13.567241704662658,10.825149512039523,21.0,11.5,2.5145602805966307,2
29,AM105,1,3603,3627,25,15.0,6.238533224102943,0.928380976028012,18.0,9.0,1.441952214470985,2
30,AM105,1,3743,3770,28,26.5,13.024772707001503,3.1199503882960693,20.0,22.5,2.351707353794998,1
31,AM105,1,3804,3832,29,20.016666666666424,7.257883138722225,3.393323385377832,19.0,15.016666666666667,1.406374569367536,1
32,AM105,1,3865,3889,25,47.5,19.80464226253519,0.9105024483002936,15.0,14.5,3.0844783027148615,1
33,AM105,1,4542,4596,55,40.0,17.465044165095453,4.8550109786483056,1.0,17.0,1.5633395325737272,1
34,AM105,1,4597,4624,28,26.0,12.826313307866712,5.341654288490939,17.5,19.5,1.7153903114977724,1
35,AM105,1,4735,4795,61,51.0,13.657464513817496,3.5351434123541856,17.5,20.5,2.0261205271499994,2
36,AM105,1,4798,4857,60,40.0,12.743670436203777,4.796151151407351,22.0,14.0,2.5856821277423703,3
37,AM105,1,4880,4916,37,31.5,9.76824960011815,5.6622034185115835,8.5,16.0,2.4798635115170975,2
38,AM105,1,4917,4958,42,44.0,15.622330975051971,6.40234344557239,16.5,12.5,1.8439730177155211,1
39,AM105,1,4983,5031,49,35.5,9.143115731433578,7.198956745748858,21.0,8.5,1.3660485312290793,3
40,AM105,0,5177,5212,36,45.0,19.840882526342302,12.61384269226335,20.0,17.0,4.755192687739743,2
41,AM105,0,5213,5245,33,50.5,18.28004605131159,2.687001261955975,17.5,20.0,2.9794290898118283,2
42,AM105,0,5271,5306,36,61.5,32.27826315770589,24.119103383781383,10.5,0.0,3.9857912701426335,1
43,AM105,0,5495,5527,33,21.0,10.057628531017741,3.931592598052424,17.0,14.0,2.0898113483403624,2
44,AM105,0,5584,5622,39,48.0,17.911705088481824,0.31065091853977306,18.0,18.0,2.649509526538277,1
45,AM105,0,5847,5891,45,58.0,33.70240935943591,27.551840189264706,7.5,17.5,3.6825011175535347,1
46,AM105,0,5941,5975,35,17.5,7.59692936942524,2.432760053023462,16.0,9.5,2.415873814412702,3
47,AM105,0,5988,6018,31,16.0,6.907160485458789,0.7882193569564214,16.0,8.0,2.714463315144527,3
48,AM105,0,6104,6135,32,20.5,8.207316205529049,3.05854669456052,16.5,13.0,2.8295608585124308,3
49,AM105,0,6781,6806,26,29.5,8.907468027418382,1.309455496291687,9.0,14.5,2.048097817942748,3
50,AM105,0,7040,7065,26,18.0,4.301414876125691,2.071620814648744,21.5,15.5,1.3226042903699868,2
51,AM105,0,7216,7240,25,52.0,13.122966210227803,4.666373708684194,18.0,22.0,1.6837897671730846,2
52,AM105,0,7379,7423,45,43.0,15.514442060708513,13.647190435250218,0.0,19.0,5.803140561270684,3
53,AM105,0,7506,7568,63,61.5,22.51299271611241,17.472171545100995,17.0,6.5,2.0796335741436827,1
54,AM105,0,7640,7664,25,16.5,3.6615158093148965,2.1851761957342295,17.5,10.0,1.2171282584863095,2
55,AM105,0,7827,7860,34,23.0,5.472191700592708,1.0850611926311784,16.0,15.0,1.6753781689842644,3
56,AM105,0,7863,7887,25,22.0,3.39552570799138,0.793597492943083,17.5,15.5,1.5018474356087788,2
57,AM105,0,7927,7966,40,43.016666666666424,17.266415343948978,5.907562404804603,16.5,11.516666666666667,3.2355498532286147,1
58,AM105,0,8142,8177,36,19.0,4.689614747584415,0.6362103274640474,16.5,11.5,1.185681165046133,2
59,AM105,0,8268,8294,27,35.5,25.337759741691297,19.196180333795112,6.0,17.5,4.1814808305109725,2
60,AM105,1,8408,8433,26,18.5,9.411318985652803,8.31657886626295,18.0,12.5,2.1662440884753216,2
61,AM105,1,8473,8503,31,21.0,17.510601762551534,0.6529028641487047,10.0,7.0,2.567664671393906,2
62,AM105,1,8563,8592,30,37.5,18.58973453201284,3.3010559230746064,2.0,15.5,2.4324004064663427,1
63,AM105,1,8601,8631,31,47.016666666666424,29.69247333139648,23.289734672774472,20.0,19.016666666666666,4.225021898543866,1
64,AM105,1,8712,8737,26,34.983333333333576,17.51660873135965,9.407801332232133,21.533333333333335,8.516666666666667,1.7694088610071228,2
65,AM105,1,8752,8820,69,118.98333333333358,30.442762997804937,16.97294898823788,14.016666666666667,13.0,3.465466576844928,3
66,AM105,1,8952,8985,34,48.0,19.20803918298993,11.010688268844532,14.5,14.5,2.5141746655819994,2
67,AM105,1,9212,9241,30,17.0,9.922410847972895,7.113176576003541,14.5,7.5,2.642789327079858,2
68,AM105,1,9246,9287,42,21.5,13.52994032381904,0.39666279781990327,10.0,7.5,2.7448986178739565,2
69,AM105,1,9347,9376,30,17.0,12.858317645884654,4.166408946572717,13.5,6.5,2.6444259414060394,2
70,AM105,1,9520,9554,35,22.0,13.548164319541332,8.279610837389168,12.5,10.5,1.6113626836131458,1
71,AM105,1,9602,9642,41,22.516666666666424,10.247001108689487,4.029178769340109,17.5,16.016666666666666,0.8657472025431745,1
72,AM105,1,9647,9674,28,18.0,10.452240980740225,5.486750030925533,18.5,12.5,1.7351889272691414,1
73,AM105,1,9683,9709,27,16.0,7.352017352762465,0.9352164847317621,17.0,9.0,1.8641322225948966,2
74,AM105,1,9915,9983,69,39.0,18.992602931145182,6.343106039345809,17.0,8.0,2.2150242507409104,1
75,AM105,1,10159,10183,25,13.5,4.230927227039316,0.8896067897850279,16.0,5.5,1.4928998781548393,2
76,AM105,1,10365,10389,25,12.0,3.227318389046178,1.2442874393298162,18.5,6.5,0.7479767611162712,1
77,AM105,1,10428,10459,32,15.5,10.569194557170789,7.591200861241635,6.0,21.5,2.3487107830288965,2
78,AM105,1,10477,10526,50,58.5,23.295933108346198,1.1423755548308903,21.5,8.0,2.330335160849123,2
79,AM105,1,10530,10557,28,37.483333333333576,18.474113934042563,8.042877732543621,11.016666666666667,0.5,2.963393616372984,2
80,AM105,1,10590,10622,33,44.0,25.343937106317462,10.479266636307488,19.5,15.5,3.8024082564756885,1
81,AM105,1,10834,10878,45,84.0,38.567302405750404,17.353445721363048,18.5,6.5,1.660123075407262,1
82,AM105,1,10895,10928,34,67.0,26.650298188690464,4.621528914530786,7.0,2.0,3.0516123634202943,2
83,AM105,1,11033,11071,39,33.5,18.090708410859445,12.890021264034033,20.0,5.5,3.930418398846132,3
84,AM105,1,11107,11163,57,71.0,22.288500681650667,10.11256197890102,19.5,18.5,2.090052798117161,2
85,AM105,1,11166,11206,41,20.0,14.391697081803516,10.017106803700566,20.0,16.0,2.336672875709031,4
86,AM105,1,11209,11239,31,15.0,5.43088960286357,2.771982798176775,17.5,8.5,1.5676467222697001,2
87,AM105,1,11336,11408,73,39.5,16.923803987950784,7.359161684747224,19.5,11.0,2.830620184796931,4
88,AM105,1,11412,11446,35,17.0,13.554456342319446,7.570846738187645,13.0,6.0,2.0670734690536414,4
89,AM105,1,11505,11549,45,30.5,11.124014853906997,2.523968812636005,21.0,3.5,2.082390019874072,2
90,AM105,1,11611,11668,58,64.0,21.845643591524063,4.920273961736807,17.5,9.5,2.5678931417326107,2
91,AM105,1,11693,11789,97,91.5,36.666856314417274,7.8707858523908465,19.0,14.5,3.222423347978964,3
92,AM105,1,11883,11909,27,19.0,2.9449480329216544,1.171620575000048,16.5,11.5,0.8801951782091952,2
93,AM105,1,12075,12102,28,16.0,2.8237671292669932,1.017066071372218,17.5,9.5,0.9546718584348631,3
94,AM105,1,12142,12176,35,20.016666666666424,8.19724282731963,1.6056109435148043,14.5,10.516666666666667,2.502219912247439,3
95,AM105,1,12274,12300,27,15.5,2.3988585169067522,0.40566117904762705,16.5,8.0,0.901362850141842,2
96,AM105,1,12480,12505,26,17.5,4.173947243700949,2.6150916978166876,18.0,11.5,1.4916360544574703,2
97,AM105,1,12567,12595,29,16.0,4.534393799619723,2.037795561674958,15.0,7.0,1.1803936939545163,1
98,AM105,1,12608,12635,28,18.5,4.622733242348569,0.37431644535770237,15.5,10.0,0.7467384447793275,2
99,AM105,1,12646,12683,38,31.5,19.821186919535943,17.716429012943724,17.5,1.0,3.747034450143739,5
100,AM105,1,12692,12716,25,22.5,8.413337844726067,5.928395214075424,6.5,5.0,1.8150202730498544,1
101,AM105,0,12982,13037,56,50.0,14.03665638176672,5.643097647603424,7.5,9.5,4.366450077951439,2
102,AM105,0,13094,13205,112,96.5,32.856624420492835,15.082482232147296,21.5,22.0,4.470307179120037,4
103,AM105,0,13210,13255,46,35.0,7.032937029519998,1.2067996398486407,1.5,12.5,1.995162469560386,3
104,AM105,0,13261,13323,63,48.0,11.328134796952098,0.7971077777757702,16.5,16.5,2.130634702989147,3
105,AM105,0,13375,13404,30,21.0,10.30598386117863,3.8621508029053455,16.5,13.5,1.0612788713997696,1
106,AM105,0,13407,13436,30,22.5,9.817446661161894,5.196296499081736,16.0,14.5,2.5090034856594694,2
107,AM105,0,13492,13535,44,32.5,13.251674970368692,5.294550540030391,7.5,16.0,2.4407465599600258,1
108,AM105,0,13537,13620,84,70.0,23.89561610135389,6.9805328710602845,17.0,15.0,2.7313639374010115,2
109,AM105,0,13940,13991,52,54.5,21.633321512081483,0.6841312237209508,15.5,22.0,5.385865923676614,5
110,AM105,0,14058,14090,33,29.5,12.42152209096435,5.124187200580277,16.5,22.0,1.8971087269351266,1
111,AM105,0,14127,14165,39,63.516666666666424,15.988073372720681,2.150686000132133,0.0,15.516666666666667,2.13966912872709,1
112,AM105,0,14439,14491,53,86.98333333333358,27.82911490817611,2.916698539255897,23.016666666666666,14.0,3.127844875120838,3
113,AM105,0,14492,14527,36,51.0,23.617038756110354,1.972121372792043,14.5,17.5,3.355259852753025,1
114,AM105,0,14775,14808,34,28.0,8.118582731684345,0.9216036471988758,18.5,22.5,2.4081378161909193,2
115,AM105,0,14810,14842,33,34.0,15.836374841705366,7.432127348240445,2.5166666666666666,12.516666666666667,4.271987392541327,2
116,AM105,0,14871,14907,37,29.5,24.0328943566983,9.634495623944861,15.0,20.5,3.754342635973417,2
117,AM105,0,14956,15017,62,57.0,11.63616742125315,0.8377816779794296,8.5,17.5,2.594904574223407,4
118,AM105,0,15023,15049,27,17.5,4.9104411027117925,1.1815851378970152,21.5,15.0,1.5995323873318437,2
119,AM105,0,15051,15093,43,29.5,8.211991540834676,0.31451312600272424,16.0,21.5,2.5344922509158057,3
120,AM107,0,15129,15157,29,14.0,2.113991624372521,0.5995004955031715,21.5,11.5,0.9240895293713844,2
121,AM107,0,15170,15205,36,17.516666666666666,2.48507360033066,0.22413163236389994,21.5,15.016666666666667,0.9082366722980971,2
122,AM107,0,15246,15290,45,22.0,4.498839597040282,1.4079114957606702,15.0,13.0,1.5064904012266358,2
123,AM107,0,15421,15455,35,17.0,2.219704948700525,0.3862625671382812,20.5,13.5,0.9165206681283006,2
124,AM107,0,15464,15498,35,17.0,1.9444377781945783,0.3211020552962649,20.5,13.5,0.836303641920073,2
125,AM107,0,15509,15534,26,14.5,1.7815245400710475,0.44223975822511064,22.0,12.5,0.7821806829562152,2
126,AM107,0,15552,15603,52,25.5,7.922290252339111,3.172983775504148,0.0,1.5,1.5675128551454869,4
127,AM107,0,15627,15657,31,15.0,2.902181733932838,0.6766471746443978,19.0,10.0,0.5499996832673234,2
128,AM107,0,15718,15765,48,23.5,4.5303390100147345,0.8088845689451745,20.5,20.0,1.4876630150412964,5
129,AM107,0,15771,15809,39,19.0,3.6261738168798336,1.6901609094360635,23.0,18.0,1.2284283235911109,2
130,AM107,0,15818,15854,37,19.0,2.7108918382690796,1.1463026615385183,22.5,17.5,0.5858557620643294,2
131,AM107,0,15866,15892,27,13.0,4.260022018421326,3.893043768555896,23.5,12.5,1.8306466586347894,2
132,AM107,0,15903,15931,29,14.0,4.37133274483338,0.9414822442061185,18.0,8.0,1.8622301459582107,2
133,AM107,0,15946,15986,41,21.0,3.8918666845772756,0.16549425794289974,15.5,12.5,0.924958618929263,2
134,AM107,0,16036,16072,37,18.0,5.719617547426221,1.2095667110739599,15.0,9.0,2.1348613894749255,4
135,AM107,0,16081,16123,43,21.0,7.590596951804735,0.38771610217832025,13.5,10.5,1.8739661733270394,2
136,AM107,0,16133,16180,48,23.5,6.975488925852174,3.938673997822092,16.5,16.0,1.979779047771126,2
137,AM107,0,16190,16222,33,16.0,5.0747334459622575,3.809619640858168,21.0,13.0,2.0857525669785555,2
138,AM107,0,16226,16260,35,17.0,5.903321973021507,3.7833395736280986,15.0,8.0,1.826400891876368,2
139,AM107,0,16322,16361,40,19.5,8.688374103572045,2.5863090022652426,15.0,10.5,1.93361629014314,2
140,AM107,0,16462,16490,29,15.5,6.98331881483873,5.8904231643029155,17.0,8.5,1.2000743768950128,1
141,AM107,0,16551,16580,30,14.5,4.521791219721278,0.894172705607636,17.5,8.0,1.212051623872866,3
142,AM107,0,16631,16660,30,14.5,5.305761867679048,0.13945197404995724,17.5,8.0,1.4484767782848873,3
143,AM107,0,16678,16709,32,15.5,4.31601029037679,1.0053334404131005,17.0,8.5,1.2769873157569653,2
144,AM107,0,16778,16807,30,17.01666666666665,5.802301599081269,5.07432546799263,18.0,11.016666666666667,2.3155748971352272,4
145,AM107,0,16814,16846,33,16.0,4.893157785013662,1.1828772588557,15.5,7.5,1.267540959008275,3
146,AM107,0,16861,16896,36,17.5,4.820442635793383,0.4063359100334688,16.5,10.0,1.146557749361537,3
147,AM107,0,16906,16944,39,19.0,4.970445226395774,1.4286685202819092,15.0,10.0,1.7847190740876144,2
148,AM107,0,16958,17004,47,24.5,8.429174209432407,2.980874235467135,17.0,17.5,1.8444045993563656,3
149,AM107,0,17007,17034,28,13.5,4.826090659218329,3.4661627290661685,19.0,8.5,1.9394107805186374,3
150,AM107,0,17052,17076,25,12.016666666666652,3.8888244237527423,0.5898446966715924,19.0,7.016666666666667,0.9487440899135265,2
151,AM107,0,17091,17124,34,17.5,7.362691481653952,4.193313817495253,14.5,8.0,1.8114662014101992,3
152,AM107,0,17175,17206,32,17.5,6.052400541132967,4.802812068625063,17.5,11.0,1.9607474739597022,4
153,AM107,0,17248,17281,34,17.5,4.82484077223596,1.6161715139252202,13.0,6.5,1.530681603051069,2
154,AM107,0,17393,17448,56,28.5,10.571265866809528,4.417359667346751,1.0,5.5,1.5787219470257519,2
155,AM107,0,17604,17631,28,14.5,5.770539942480324,2.606152736769097,0.0,14.5,1.62240700457804,2
156,AM107,1,17697,17723,27,14.5,5.476978695352303,3.9065307416700397,19.5,10.0,1.3080119931357452,2
157,AM107,1,18132,18168,37,22.0,7.346793870123373,0.5243156342845564,17.5,15.5,1.4852548125471288,2
158,AM107,1,18197,18229,33,16.0,5.2957860355263815,2.8684190156910536,17.0,9.0,1.7870750765859285,3
159,AM107,1,18238,18264,27,16.5,6.291952710362049,2.7087676593948005,16.0,8.5,1.1749874247074747,2
160,AM107,1,18381,18471,91,50.01666666666688,11.630600671714166,1.1154486545593334,8.0,10.016666666666667,1.9180289006246143,2
161,AM107,1,18481,18516,36,17.5,5.521835044806884,3.8153348634535393,18.0,11.5,1.7310803562885553,3
162,AM107,1,18532,18557,26,12.5,2.9232710981573025,0.7497363936623005,19.5,8.0,1.1534098218351923,2
163,AM107,1,18622,18647,26,12.5,5.861113287484605,3.7835094029286918,1.0,13.5,2.2254143452178923,2
164,AM107,1,18648,18682,35,20.0,8.19992171475137,3.1153306886243612,14.0,10.0,1.3824991293298245,1
165,AM107,1,18694,18760,67,36.5,11.540428150922155,7.034367169899195,17.0,5.5,1.5404796150671398,4
166,AM107,1,18774,18800,27,15.0,4.485431306365108,2.5565931363117866,17.5,8.5,1.5189764387928233,2
167,AM107,1,18893,18919,27,14.0,3.9141255113011595,0.8725790587315629,19.5,9.5,1.4280093996724061,2
168,AM107,1,18933,18964,32,17.0,5.993317044491869,1.523495409552035,17.0,10.0,2.048362465716326,2
169,AM107,1,19124,19183,60,31.0,12.395114461234899,9.564448904224951,22.0,5.0,1.7511137002242385,4
170,AM107,1,19238,19263,26,14.0,4.068185269424487,0.7519011865490054,16.0,6.0,0.8192095239110254,1
171,AM107,1,19386,19419,34,21.0,8.056654146841712,4.947274462916285,16.0,13.0,1.5521388069443862,2
172,AM107,1,19425,19456,32,17.0,6.602974303373216,0.9181113834516166,16.0,9.0,1.4439366550965709,1
173,AM107,1,19648,19678,31,20.0,6.520226357165642,0.4831527100594365,18.0,14.0,0.9666227964266181,1
174,AM107,1,19889,19926,38,22.466666666666697,12.183224048148974,7.897265465810009,18.033333333333335,16.5,1.8943276673643306,1
175,AM107,1,19990,20025,36,20.0,10.968480015082985,6.983039917394789,10.0,6.0,2.1552931898723133,1
176,AM107,1,20271,20313,43,38.5,10.197374726908011,5.913389774618963,19.0,9.5,2.3837257149666535,2
177,AM107,1,20373,20400,28,18.0,5.382003096422995,4.386951253715969,19.5,13.5,1.3256738893595836,2
178,AM107,1,20537,20580,44,22.5,8.218553269499402,4.171511896994102,12.5,11.0,1.8212287943372027,1
179,AM107,1,20782,20839,58,31.48333333333312,20.042008616225846,2.134086652188656,11.016666666666667,18.5,2.843402283661792,2
180,AM107,1,21043,21071,29,14.0,3.4137318276614805,1.3636961265190142,17.0,7.0,0.800617119106914,3
181,AM107,1,21211,21241,31,15.0,4.741681371555503,0.9269845127590622,21.0,12.0,0.9848190715130117,1
182,AM107,1,21253,21280,28,16.5,1.80718697163425,0.6009790265418989,19.0,11.5,0.8024567552244137,2
183,AM107,1,21527,21553,27,13.0,3.755454752580562,2.514891722750447,3.0,16.0,1.2585952726922578,2
184,AM107,1,21743,21775,33,17.0,1.948842812926951,0.1368324251037789,17.5,10.5,0.8070416675386101,2
185,AM107,1,21845,21874,30,14.483333333333576,2.139483674980911,0.2480610816741146,21.016666666666666,11.5,0.9588358557852215,2
186,AM107,1,22004,22042,39,20.5,6.056458677816829,1.515825661354584,15.5,12.0,2.224333013276285,2
187,AM107,1,22084,22133,50,29.0,11.028192768472373,6.122771970185247,13.0,18.0,2.031397120641684,1
188,AM107,1,22185,22217,33,25.516666666666424,15.039593597337841,4.314693243206735,8.0,9.516666666666667,2.004652897454975,2
189,AM107,1,22559,22583,25,12.0,4.674914142326936,1.2529392313038494,22.0,10.0,1.3033059165709553,2
190,AM107,1,22666,22694,29,19.0,11.461844369889848,3.6926195603899274,15.5,10.5,1.355497482585535,2
191,AM107,1,22975,23023,49,24.0,12.046269448460116,6.794719892741176,16.0,16.0,1.5671252916848288,2
192,AM107,1,23035,23099,65,53.016666666666424,20.754614087388838,0.36354735607475047,22.0,3.0166666666666666,2.1882279028530416,1
193,AM107,1,23101,23129,29,27.5,11.973669476684938,5.162470788247891,7.5,11.0,1.917534904148121,2
194,AM107,1,23134,23159,26,14.5,1.7364371972070005,0.4286584247515763,18.0,8.5,0.4412798256709427,1
195,AM107,1,23183,23210,28,17.5,3.924415617578462,0.4022858905845131,16.0,9.5,1.0765852311421042,2
196,AM107,1,23301,23356,56,37.0,6.060305215677914,1.5468621742897535,19.5,8.5,1.0984837050652165,2
197,AM107,1,23402,23439,38,18.5,6.779917306147437,4.340870614094083,18.5,13.0,1.016523249287509,2
198,AM107,0,23502,23528,27,22.016666666666424,9.506153163663855,4.997903755326279,20.0,18.016666666666666,1.7852207586326625,2
199,AM107,0,23570,23612,43,22.5,5.678040055235682,2.0712775450111067,18.5,17.0,1.4238550301785855,3
200,AM107,0,23638,23665,28,15.0,5.080335988037939,3.7450642789842026,7.5,22.5,1.0972335669955156,4
201,AM107,0,23698,23735,38,22.0,6.82081535848096,3.4061857114763225,21.5,19.5,2.120547624711554,2
202,AM107,0,23747,23897,151,81.0,25.59455316560691,5.758695874401265,1.5,10.5,2.4112981173240344,4
203,AM107,0,23915,23943,29,14.0,1.8517179025988246,0.9995132461916424,22.0,12.0,0.9712162123428224,2
204,AM107,0,23970,23998,29,15.516666666666424,3.0336979819124754,0.308344558223193,1.5,17.016666666666666,0.7572333531808033,2
205,AM107,0,24046,24079,34,18.5,6.05694547620915,0.3681404542764331,18.5,13.0,1.319885462932978,3
206,AM107,0,24091,24123,33,17.0,2.993919290581141,1.6947228547831015,19.0,12.0,1.00289234820163,2
207,AM107,0,24139,24166,28,17.5,2.611710744476865,0.6148215824632464,21.0,14.5,0.7615080632422653,3
208,AM107,0,24210,24246,37,19.5,5.214845695126486,0.4734287889678184,16.0,11.5,1.401407601864101,3
209,AM107,0,24251,24300,50,27.0,7.144541249112632,4.609014279380656,14.0,17.0,2.2716036684320926,3
210,AM107,0,24312,24340,29,15.0,3.831285305792234,2.585827378132924,0.5,15.5,1.168475330830618,2
211,AM107,0,24358,24384,27,15.5,2.814205260979488,0.5730730370174733,0.5,16.0,1.0393248182639219,2
212,AM107,0,24400,24437,38,20.0,3.949344991471294,3.042244932251514,1.0,21.0,1.393799384733344,2
213,AM107,0,24483,24520,38,18.5,6.805879835248746,3.633244196938838,0.5,19.0,1.6122473639636246,2
214,AM107,0,24631,24655,25,12.0,1.3380333726820977,0.9176152048609786,21.5,9.5,0.34176651393756974,1
215,AM107,0,24785,24830,46,22.5,6.565852725378909,2.624821745206966,23.0,21.5,1.6360366919811387,3
216,AM107,0,24852,24882,31,14.983333333333576,5.913234314487934,4.271122175139402,11.016666666666667,2.0,2.1493060692244264,2
217,AM107,0,24918,24945,28,15.0,3.857349171841601,2.87614836182932,5.0,20.0,1.6332893253595429,2
218,AM107,0,24994,25025,32,19.483333333333576,3.7389445392481524,0.5043786607837798,23.516666666666666,19.0,0.9808878743878557,2
219,AM107,0,25034,25067,34,19.5,4.939445217947472,1.6916208816440397,23.5,19.0,1.1264251478788663,1
220,AM107,0,25071,25103,33,23.0,4.572911247596035,2.0712109910841123,21.0,20.0,1.149936523054056,3
221,AM107,0,25147,25255,109,62.0,17.75631772239243,8.679512672734894,0.0,14.0,1.9941476391071569,1
222,AM107,0,25263,25290,28,18.0,3.425432677085192,1.0383554549511549,18.0,12.0,1.5281828330383307,3
223,AM107,0,25310,25334,25,12.0,1.8658458952809156,0.4639336052040161,23.5,11.5,0.909830475288208,3
224,AM107,0,25347,25375,29,15.5,2.2328499872411887,0.3893297405646925,19.0,10.5,0.8730694446948436,3
225,AM107,0,25390,25419,30,15.983333333333576,2.629115143929166,1.253616886134686,20.516666666666666,12.5,1.0695557952492079,3
226,AM107,0,25426,25502,77,50.0,12.34468366260915,4.7269618840724315,17.0,19.0,2.559214028841978,4
227,AM107,0,25507,25543,37,19.5,3.642567267156395,0.5706510351450897,21.5,17.0,1.4564115736090908,3
228,AM107,0,25548,25593,46,22.5,5.467166970098071,0.9598654616026587,19.5,18.0,1.8766526057482407,2
229,AM107,0,25594,25632,39,21.016666666666424,5.364337542091538,0.11866587310322588,18.5,15.516666666666667,2.034357748488233,3
230,AM107,0,25641,25765,125,68.0,17.744302327245048,6.782183261515474,23.5,19.5,2.9087515682336513,4
231,AM107,0,25771,25798,28,18.5,5.52378622765649,2.7811563518837543,22.5,17.0,1.9308152673476595,3
232,AM108,0,25934,25961,28,26.0,12.897754924692487,4.450722492165899,11.0,13.0,4.3727688792437265,2
233,AM108,0,25971,25998,28,17.0,5.6293284248269115,3.121157914733311,19.0,12.0,1.4792078418780896,2
234,AM108,0,25999,26044,46,26.016666666666666,6.206223294693732,0.2557376990343816,12.5,14.516666666666667,2.2750097879290654,2
235,AM108,0,26414,26438,25,18.0,6.797296368835334,3.695891960571636,0.5,18.5,1.9372129484547305,2
236,AM108,0,26515,26555,41,23.98333333333335,7.474168201149213,0.455359366031882,19.016666666666666,19.0,3.199041857873087,2
237,AM108,0,26557,26596,40,24.0,7.490562872653576,0.33681362709026075,20.0,20.0,3.301655146985935,2
238,AM108,0,26597,26625,29,15.016666666666652,4.726915716395539,3.2886761334554717,20.5,11.516666666666667,1.8693206979558132,3
239,AM108,0,26693,26726,34,18.0,4.5145415469577035,1.7126459059489807,17.5,11.5,1.039006468164393,1
240,AM108,0,26757,26803,47,35.5,17.46950758439132,3.236032938311224,9.0,20.5,6.111490879602213,2
241,AM108,0,26833,26884,52,67.5,19.453701882057793,10.972445749137902,22.5,18.0,5.225953157566977,2
242,AM108,0,27043,27164,122,113.5,29.31472471203153,11.422263163371953,18.0,11.5,5.076146924528819,5
243,AM108,0,27165,27214,50,69.0,19.176542992779613,8.262525446505062,15.0,12.0,3.7967936912231486,2
244,AM108,1,27285,27325,41,39.0,15.829455133723718,5.300505475763547,15.0,6.0,2.1480860306724763,2
245,AM108,1,27455,27486,32,38.0,9.241569942164174,3.646301373946208,1.0,15.0,2.65683428387289,2
246,AM108,1,27643,27667,25,49.48333333333312,17.63640910092728,10.828726498127827,6.516666666666667,8.0,1.9654631482334073,1
247,AM108,1,27692,27717,26,43.5,13.030119441603011,1.9035668165627684,11.0,6.5,1.3555691787387174,2
248,AM108,1,27740,27775,36,43.5,18.954339789751618,4.243147554740437,22.0,17.5,1.6161094836548142,1
249,AM108,1,27909,27951,43,26.5,11.053102792084772,8.622429225939822,19.0,21.5,1.9734476930400682,1
250,AM108,1,28145,28169,25,21.0,5.827697306292798,2.3900396176233842,9.5,6.5,1.3157600430951821,2
251,AM108,1,28199,28227,29,23.5,8.328239403068723,1.7291954819788757,12.0,11.5,1.2277779390205081,2
252,AM108,1,28229,28253,25,16.0,6.17529336581084,2.5280604119892085,15.5,7.5,1.5229045145820166,2
253,AM108,1,28302,28336,35,33.5,10.098504713003647,3.110458185384908,3.0,12.5,1.8995470090738384,4
254,AM108,1,28337,28365,29,43.5,20.748262728299796,13.475179495629527,16.5,12.0,1.6049515329492705,1
255,AM108,1,28416,28456,41,29.51666666666688,16.128011224946274,10.144053844555037,18.0,23.516666666666666,1.7003032832415939,1
256,AM108,1,28558,28583,26,13.5,5.581642427038159,2.8600770619163716,18.0,7.5,0.561988983553361,1
257,AM108,1,28711,28757,47,26.0,10.106271619993269,5.837533578825822,15.5,17.5,1.758100290912516,1
258,AM108,1,28763,28816,54,28.0,15.25285923146502,11.94183220213921,18.0,22.0,2.1219777036953507,1
259,AM108,1,28892,28924,33,18.5,7.9853129228374815,1.499344681172449,18.5,13.0,1.548897971582866,2
260,AM108,1,29067,29098,32,15.5,5.310150141068556,0.2870481405559664,16.0,7.5,1.2972133892336348,3
261,AM108,1,29543,29572,30,16.5,6.450024501341789,1.821896248071858,13.0,5.5,1.2524949252921562,1
262,AM108,1,29594,29627,34,17.5,6.226636344889261,2.362023261138051,20.5,14.0,1.487878693572099,2
263,AM108,1,29708,29737,30,15.5,5.500629490184192,3.031581675684551,16.0,7.5,1.340036088760834,2
264,AM108,1,29764,29789,26,14.0,5.617123422433353,2.8098956825984223,16.0,6.0,1.1275291816127273,2
265,AM108,1,29793,29822,30,14.5,4.6860511226302455,2.087613276080751,16.0,6.5,1.4528932298100834,3
266,AM108,1,29879,29904,26,13.5,7.877676016020514,0.6881530951214301,18.0,7.5,1.042514928768191,1
267,AM108,1,29934,29965,32,17.0,7.658469960327667,2.420356749786476,16.0,9.0,1.3455060331233715,2
268,AM108,1,30072,30105,34,18.0,3.938905679822256,0.8671477714532508,14.5,8.5,1.096983544275326,2
269,AM108,1,30135,30202,68,36.5,9.308748361776315,4.911312813982521,23.5,12.0,1.478434380230499,2
270,AM108,1,30300,30332,33,16.0,4.538858468729508,1.5896973797528606,16.5,8.5,0.8153905609056888,2
271,AM108,1,30437,30477,41,22.983333333333576,5.157108279312441,2.787006569185238,12.516666666666667,11.5,1.053032848549691,2
272,AM108,1,30567,30599,33,17.5,5.265823467860804,0.4266170245071808,14.5,8.0,1.1519486665936864,1
273,AM108,1,30623,30660,38,18.5,5.459155714009857,3.108833989053507,23.5,18.0,1.3946562578013522,5
274,AM108,1,30661,30703,43,25.0,6.875228628529811,3.732347591588681,18.5,19.5,1.6702965028243975,2
275,AM108,1,30872,30899,28,17.0,5.27738264359421,0.577291600795472,16.0,9.0,0.8585321328999055,2
276,AM108,1,30910,30935,26,16.0,2.9787265520218758,1.6769161579968843,15.5,7.5,0.8547029151279353,2
277,AM108,1,31053,31078,26,17.0,3.633977330650586,2.468657091652849,16.5,9.5,0.8065933199684845,1
278,AM108,1,31348,31374,27,15.0,6.241290774703574,4.2034367966304345,18.0,9.0,1.3386615346704294,2
279,AM108,1,31381,31420,40,21.5,6.093077550070562,0.5119499207467815,12.5,10.0,1.3904051540577778,2
280,AM108,1,31515,31539,25,13.0,2.263068547498071,1.115303047133546,19.0,8.0,0.5543929638956714,2
281,AM108,1,31582,31607,26,15.0,3.464397443258533,0.936094169909126,17.0,8.0,1.1767126631279932,2
282,AM108,1,31791,31831,41,20.016666666666424,6.529291975117987,1.2321232226592451,14.5,10.516666666666667,1.3844926751761308,2
283,AM108,1,31840,31869,30,14.5,2.446061709457927,1.155174103403779,18.0,8.5,0.6959350290395617,3
284,AM108,1,31879,31913,35,17.0,3.6600774908020104,2.4316136286565,15.0,8.0,0.6754818118506157,2
285,AM108,1,31944,31974,31,15.0,5.621534211724435,3.702529678021576,23.5,14.5,1.7128366716582712,2
286,AM108,1,32072,32108,37,21.5,7.078476216921447,1.1192775972807176,15.5,13.0,1.7398146322765875,2
287,AM108,1,32116,32163,48,23.5,7.588213200045522,5.2768965947838815,17.0,16.5,1.5303310011001534,2
288,AM108,1,32217,32247,31,15.5,2.1801022044738345,0.75607813064567,21.0,12.5,0.7932811033535062,3
289,AM108,1,32252,32294,43,20.983333333333576,6.684559296471845,1.890679256961945,15.016666666666667,12.0,1.927026901118183,4
290,AM108,1,32385,32409,25,14.5,1.8699608675658144,0.9271677148294085,17.0,7.5,0.5493462269598596,2
291,AM108,1,32417,32449,33,20.0,5.0473951947352935,3.27590669865165,11.5,7.5,0.6406216148669085,2
292,AM108,1,32474,32513,40,19.5,4.152611311758345,3.0895161359485845,20.0,15.5,1.489896552699207,2
293,AM108,1,32516,32550,35,17.0,5.599921717590557,1.569052269791263,17.0,10.0,1.9058971900308193,3
294,AM108,0,32554,32592,39,20.0,4.185949726265699,1.337976718750364,12.0,8.0,0.8549454482260808,2
295,AM108,0,32601,32645,45,22.0,6.176084475506915,0.391069028400992,12.5,10.5,1.749244133586222,3
296,AM108,0,32650,32686,37,20.0,4.657865747954365,1.545277114792041,13.0,9.0,1.3756320295256166,3
297,AM108,0,32790,32833,44,21.5,5.697526226912253,0.5368922327930371,14.0,11.5,0.8868243240644055,3
298,AM108,0,32877,32922,46,22.5,8.587825356465634,6.579583150859019,12.5,11.0,1.67640788853451,2
299,AM108,0,32934,32974,41,20.5,7.059176775870314,3.2450492401624693,17.0,13.5,1.8320789320037152,2
300,AM108,0,32978,33024,47,22.983333333333576,9.747271985395292,2.4891124944314784,15.516666666666667,14.5,1.9556603702663156,2
301,AM108,0,33025,33060,36,17.5,7.178807836567656,0.5852038364112315,15.0,8.5,1.7065000084284316,3
302,AM108,0,33081,33115,35,17.0,5.602439017336269,5.0029292073000615,19.0,12.0,2.467522361658029,2
303,AM108,0,33130,33165,36,17.5,5.366728890916031,2.8083434337292896,19.5,13.0,1.6822295513190737,3
304,AM108,0,33166,33199,34,18.5,5.174962911027305,3.8322354939083185,13.5,8.0,1.6097344318963358,4
305,AM108,0,33264,33292,29,14.0,5.260300364233733,1.8705895876063445,19.0,9.0,1.949737666101319,3
306,AM108,0,33299,33334,36,17.483333333333576,3.8670501501927923,1.0239879774270146,15.516666666666667,9.0,0.7773788521279639,2
307,AM108,0,33344,33378,35,17.016666666666424,4.311697198238112,1.7959944909522652,19.0,12.016666666666667,1.2003662506788344,1
308,AM108,0,33391,33420,30,14.5,4.873555625180804,3.3904450525857013,18.5,9.0,1.5849668121279938,2
309,AM108,0,33577,33621,45,22.0,6.651878704310447,2.8065688520374152,17.0,15.0,1.9095732455902217,3
310,AM108,0,33624,33657,34,16.5,5.966257589192839,3.0743442432583685,16.5,9.0,1.8082568901356708,3
311,AM108,0,33666,33708,43,21.0,6.486561380824693,1.2351142993571134,13.5,10.5,1.9899180150675748,3
312,AM108,0,33718,33768,51,25.966666666666242,9.188837809674318,0.44479033303691023,15.533333333333333,17.5,2.2043756643414563,3
313,AM108,0,33769,33801,33,16.0,6.815434474687311,1.6831819532036214,18.0,10.0,2.0557784624409656,3
314,AM108,0,33816,33846,31,14.983333333333576,5.026386376525326,3.1199363847855084,17.516666666666666,8.5,1.605372708077516,1
315,AM108,0,33864,33897,34,17.5,4.262896744268975,1.7668541109830986,17.5,11.0,1.4132712336076132,3
316,AM108,0,33909,33945,37,18.0,8.352416618960115,5.1675165347227665,17.0,11.0,2.4516439862119666,4
317,AM108,0,33957,33988,32,15.5,7.287554764447793,4.215076260447101,17.0,8.5,2.2342279307511186,2
318,AM108,0,34002,34040,39,19.0,6.1666199205637495,0.33633493179209234,15.5,10.5,2.0276992436355528,3
319,AM108,0,34048,34090,43,21.016666666666424,7.9897920567559515,1.2272912111988803,14.5,11.516666666666667,1.742091743686434,2
320,AM108,0,34095,34144,50,24.5,7.320193948923163,3.6250452467684044,14.0,14.5,1.7035832879991886,3
321,AM108,0,34145,34184,40,19.5,6.5782081016085545,3.543872743322444,15.0,10.5,1.8111948662081236,2
322,AM108,0,34238,34277,40,19.5,7.524273066242822,1.3951049062715561,13.5,9.0,2.0378708796094913,3
323,AM108,0,34279,34327,49,25.0,9.38740525951457,1.1066506576504953,10.0,11.0,2.1262099673050128,3
324,AM108,0,34330,34372,43,21.983333333333576,7.966532676777204,1.5945506548775488,12.516666666666667,10.5,1.9742533323499167,3
325,AM108,0,34375,34413,39,19.0,6.199955316175585,0.5722058697624695,13.5,8.5,1.8078674987435757,3
326,AM108,0,34429,34462,34,18.0,4.968104189753412,0.9458996265086044,16.5,10.5,1.0738970263778427,3
327,AM108,0,34574,34603,30,14.5,5.397225832241484,4.692478409048568,19.5,10.0,0.8818818102765565,3
328,AM108,0,34666,34692,27,14.5,4.214454455763991,2.9766848462145705,18.0,8.5,1.5860480152249283,4
329,AM108,0,34711,34757,47,23.016666666666424,8.105911061391692,5.051446130191721,18.0,17.016666666666666,1.4224214449137143,1
330,AM108,0,34760,34786,27,13.0,2.8077891015212195,1.555992984455073,18.5,7.5,0.8506082280626616,2
331,AM108,0,34817,34846,30,15.5,7.425593318678968,4.114507265364937,0.0,15.5,1.0608721488487283,1
332,AM108,0,34847,34879,33,17.5,9.69802981152334,6.741903845420866,16.0,9.5,1.7186659677513627,2
333,AM108,0,35035,35073,39,20.5,5.5966444816465755,1.721429658950221,15.5,12.0,1.6886938529888411,2
334,AM108,0,35099,35123,25,12.0,5.8791237860744125,2.2784423496940263,1.0,13.0,2.091117591983369,3
335,AM108,0,35140,35172,33,16.0,7.088124687933538,0.27477103551294313,21.5,13.5,1.802616229603881,2
336,AM108,0,35181,35208,28,13.483333333333576,4.872587210469219,3.654207960978826,18.016666666666666,7.5,1.218089990014041,2
337,AM108,0,35216,35256,41,21.0,8.823812713692924,0.6569856619008254,13.5,10.5,1.3308602577245474,2
338,AM108,0,35350,35401,52,95.0,45.18171078710135,10.437794060216302,19.5,18.5,5.326026588791424,2
339,AM108,0,35454,35480,27,22.0,6.756081268471006,0.8797326650847955,13.5,11.5,1.5615599047145003,2
340,AM108,0,35482,35506,25,29.5,18.899364677357518,9.012787715450196,13.5,19.0,5.211596768915734,2
341,AM108,0,35524,35568,45,41.016666666666424,16.101452804085536,8.685693325760486,1.0,18.016666666666666,2.239439960489426,2
342,AM108,0,35570,35621,52,25.516666666666424,9.480332946996572,2.86838607537062,19.0,20.516666666666666,3.5317858972826275,3
343,AM108,0,35625,35649,25,12.0,3.2062573095872158,1.6929552298042678,22.5,10.5,1.2571774649088643,2
344,AM108,0,35704,35738,35,22.0,11.334465055375782,8.574202200198599,0.5,22.5,1.036598273396441,1
345,AM108,0,35776,35815,40,22.5,8.628547581130205,6.744504769235602,16.5,15.0,2.4903600749175365,3
346,AM108,0,35816,35880,65,43.5,13.575136988318759,0.45827772279392653,15.5,11.0,3.930271206706386,4
347,AM108,0,35881,35916,36,24.5,5.646414553741582,0.7006486183751947,11.5,12.0,1.563096280546036,2
348,AM108,0,35924,35952,29,15.016666666666424,5.641985700813367,4.545465719622041,18.5,9.516666666666667,1.9138261275262716,3
349,AM108,0,35990,36020,31,24.483333333333576,7.334635803586036,2.3054075118569135,14.016666666666667,14.5,1.387875696728751,2
350,AM108,0,36021,36075,55,28.0,8.60218474815522,0.49194530479916543,15.0,19.0,3.6777018115561173,3
351,AM108,0,36122,36169,48,45.5,11.313531334954568,4.227933335519521,15.0,12.5,2.7962355936114207,3
352,AM108,0,36172,36201,30,22.0,4.774935354477044,3.0467568483011367,16.5,14.5,1.226090157578958,2
353,AM108,0,36202,36229,28,26.5,7.326207700545065,0.585608576581138,15.0,17.5,3.3322029111050337,4
354,AM108,0,36292,36328,37,23.0,7.639783636836756,0.7383498859065947,19.5,18.5,2.103628901270251,3
355,AM108,0,36331,36394,64,52.5,16.929446609450228,4.712598500700925,20.0,0.5,4.850139917976987,4
356,AM108,0,36452,36477,26,17.0,4.794285044202987,1.1672892229608636,21.0,14.0,2.449732976247889,3
357,AM108,0,36479,36532,54,51.5,19.93588133110694,6.9610043782949935,16.0,19.5,6.285614083472637,4
358,AM108,0,36534,36614,81,64.51666666666642,16.730608279346296,7.682228394784979,20.5,13.016666666666667,4.005258690632335,5
359,AM108,0,36637,36661,25,20.0,9.63373427220666,5.401542524834816,14.0,10.0,4.225104661019386,3
360,AM108,0,36666,36714,49,31.5,17.029366899361793,4.516858305999929,14.0,21.5,5.381868108868352,3
361,AM108,0,36716,36756,41,27.483333333333576,10.356494501855128,7.138881383689616,22.516666666666666,2.0,1.8571936203265387,2
362,AM108,0,36805,36839,35,20.5,6.216243873906018,1.4987698890478585,16.5,13.0,2.3705454683151035,3
363,AM108,0,36913,36983,71,45.983333333333576,20.080325786439822,7.905755421099418,14.016666666666667,12.0,6.036489708715803,5
364,AM108,0,37195,37239,45,24.0,8.38925206206887,2.638476620589459,14.0,14.0,3.277282835346089,2
365,AM108,0,37263,37348,86,97.0,39.09218957366476,16.910039799679062,14.0,15.0,3.590720393639748,1
366,AM108,0,37502,37541,40,24.5,8.459778838921205,4.522937248315492,0.5,1.0,3.2911812056710072,3
367,AM108,0,37543,37592,50,46.5,20.33718642469748,7.655587974204373,2.0,0.5,4.298262626295597,1
368,AM108,0,37705,37730,26,44.016666666666424,10.533732612188178,3.7438257359184854,17.5,13.516666666666667,2.2870230161541247,1
369,AM108,1,38071,38096,26,22.016666666666424,6.094006554254249,5.505022138216999,16.5,14.516666666666667,2.1017373296478725,2
370,AM108,1,38097,38153,57,47.0,13.402168107993603,4.520710707606745,18.0,17.0,2.51444130623439,4
371,AM108,1,38228,38252,25,26.516666666666424,11.06617281211822,6.508966888234402,18.0,20.516666666666666,2.1761725538245815,3
372,AM108,1,38317,38348,32,16.5,5.143199692528029,0.8302931993010587,21.0,13.5,0.9369121875315511,1
373,AM108,1,38677,38722,46,28.0,11.083511436235634,0.9788028100510324,13.0,17.0,1.1945996407158508,1
374,AM108,1,38882,38957,76,60.516666666666424,18.471107666097407,4.5539090034721905,5.5,18.016666666666666,1.5749022738576357,2
375,AM108,1,38960,39009,50,41.5,14.02409266010821,6.941295153875811,20.5,14.0,2.598439770118446,3
376,AM108,1,39025,39052,28,26.0,7.609811743412167,2.4652203082826163,8.5,10.5,1.048301476087507,1
377,AM108,1,39056,39143,88,49.0,16.097857234721744,6.69850273188335,15.0,16.0,1.8308082070555984,2
378,AM108,1,39147,39179,33,17.0,5.2804838558226495,3.497239021391514,18.0,11.0,1.289241025002177,3
379,AM108,1,39191,39219,29,14.0,4.627730690788065,1.6330180608253204,17.0,7.0,1.6337252105171254,3
380,AM108,1,39289,39316,28,16.5,4.028114408972677,0.6940872919475108,14.0,6.5,1.226858990614354,3
381,AM108,1,39450,39526,77,40.5,14.334728674923044,0.3048823321797661,15.5,8.0,1.875001773791287,2
382,AM108,1,39541,39566,26,17.016666666666424,4.009497633409823,1.2466360407747827,16.5,9.516666666666667,1.152444490718285,2
383,AM108,1,39573,39631,59,39.0,12.461106187647532,0.521731273457221,16.0,7.0,1.5671748324711543,2
384,AM108,1,39776,39802,27,30.5,11.1549652023351,1.5296934395120105,17.5,0.0,1.7570241704168967,2
385,AM108,1,39900,39939,40,46.5,14.591883826690038,4.360570406156561,7.5,6.0,1.3814041138937259,2
386,AM108,1,40053,40096,44,34.5,17.436759002155075,5.877960074335992,8.0,18.5,2.498086636150084,3
387,AM108,1,40097,40127,31,16.516666666666424,4.449554784710891,2.5494813663450095,19.0,11.516666666666667,1.4970912771432998,2
388,AM108,1,40169,40250,82,59.5,17.42445863464908,7.000688937791239,21.0,8.5,1.8307082352771773,1
389,AM108,1,40266,40342,77,42.0,10.957800898865594,3.822901681296373,18.5,12.5,1.9748750959719183,2
390,AM108,1,40343,40393,51,27.5,7.888896253493359,3.9097183263017885,13.0,16.5,2.3691896839617086,2
391,AM108,1,40511,40542,32,22.0,7.997998094358839,0.607475087326491,12.5,10.5,2.358123761827932,4
392,AM108,1,40635,40711,77,42.0,15.161320592658107,0.21902117475601152,12.0,6.0,2.281195254207491,2
393,AM108,1,40746,40853,108,60.96666666666715,21.569427832670005,7.93329831472317,0.03333333333333333,13.0,1.887545777464077,4
394,AM108,1,40855,40886,32,19.0,10.451146611283862,5.565831609968916,14.0,9.0,1.9251293589494813,2
395,AM108,1,40898,40931,34,19.5,7.813624761870542,5.5891003301184385,16.0,11.5,1.4185499307189426,2
396,AM108,1,41019,41049,31,16.516666666666424,5.408431984847705,2.88217263856528,20.5,13.016666666666667,1.243297838820178,1
397,AM108,1,41063,41092,30,16.0,7.928745007301786,3.8350389976412,20.0,12.0,1.652053141972267,2
398,AM108,1,41371,41398,28,52.0,15.72539989982085,3.5083548843598273,18.0,22.0,2.7576874798820774,2
399,AM108,1,41508,41532,25,24.5,10.640887800442737,2.871026561626807,17.0,17.5,1.730128896896926,1
400,AM108,1,41692,41717,26,27.516666666666424,9.057927274688852,6.309557654682731,9.0,12.516666666666667,1.5901537744627539,3
401,AM110,0,41810,41840,31,15.5,3.2495551800859777,0.2506635395046975,16.0,7.5,1.0255407153310314,2
402,AM110,0,41858,41897,40,19.5,7.480383640369303,1.867760776910798,16.5,12.0,2.6417503381974763,2
403,AM110,0,41904,41944,41,20.0,4.995322949855794,1.1696917042162935,15.5,11.5,1.7668155402743972,3
404,AM110,0,41951,42039,89,44.0,12.246193749674068,1.1784944451431547,15.0,11.0,4.612558885511675,4
405,AM110,0,42050,42095,46,22.5,9.097679290466669,2.950957521392299,16.5,15.0,3.744646922536983,3
406,AM110,0,42102,42141,40,19.5,7.089609116144625,0.9913548804209226,18.5,14.0,3.0638050770724616,3
407,AM110,0,42157,42191,35,17.0,5.985680233381203,1.419592578430048,22.0,15.0,3.1604630371746087,3
408,AM110,0,42195,42237,43,21.0,7.699616289648555,2.036578981488845,17.0,14.0,3.4123023460389357,3
409,AM110,0,42248,42285,38,19.51666666666668,8.152581212937015,1.4766344007372427,19.5,15.016666666666667,3.7463422618020945,3
410,AM110,0,42295,42333,39,19.0,8.767533720016171,1.6898809427874415,20.0,15.0,3.8943310343529065,3
411,AM110,0,42334,42422,89,45.0,15.460977064892864,2.5399153545338504,15.5,12.5,4.622932580237553,4
412,AM110,0,42432,42467,36,17.5,5.131260914033946,1.0013602483455137,17.5,11.0,2.392814706186295,3
413,AM110,0,42479,42510,32,15.5,4.854364502245117,0.9983142872623064,17.0,8.5,1.9185663353849178,4
414,AM110,0,42512,42565,54,26.5,8.782646171985396,0.5376384838742811,9.5,12.0,3.1151386031236674,2
415,AM110,0,42576,42610,35,17.0,3.9774552322158243,2.780942898813515,17.5,10.5,1.6431847306916705,3
416,AM110,0,42621,42658,38,18.5,10.32177024645126,2.4177772254453367,16.0,10.5,4.385202734521055,3
417,AM110,0,42713,42753,41,20.0,12.059438949913893,3.010835481986519,15.5,11.5,2.520484580694632,2
418,AM110,0,42762,42790,29,15.0,4.047088232646559,2.2559567714504793,16.0,7.0,1.0598151141694165,3
419,AM110,0,42809,42845,37,19.0,3.807076769950113,0.4505634493067881,16.5,11.5,1.4337989476718165,3
420,AM110,0,42862,42897,36,17.5,12.074976393338213,11.355265777264153,20.0,13.5,3.614904915267225,2
421,AM110,0,42983,43039,57,28.01666666666665,7.130674950021374,0.8770358387987377,9.5,13.516666666666667,2.910307910168856,2
422,AM110,0,43100,43133,34,16.5,5.158040954005612,0.8862486889110879,20.0,12.5,1.8700772778234451,2
423,AM110,0,43145,43169,25,12.0,2.2875911891060885,1.6279185036155113,18.5,6.5,0.5692904406196917,1
424,AM110,0,43291,43374,84,41.5,8.73256890451776,0.6312431891925249,13.5,7.0,3.021678874609263,4
425,AM110,0,43399,43434,36,17.5,11.227436811688117,9.599989213116393,19.5,13.0,3.331722832476544,4
426,AM110,0,43443,43544,102,51.0,17.082031346443532,8.814988986375564,17.5,20.5,2.883839236336333,3
427,AM110,0,43548,43579,32,15.5,8.87977780241731,2.53500279829002,22.5,14.0,2.7729715641396986,3
428,AM110,0,43587,43614,28,13.5,2.2108027062049542,0.10739556483435056,18.0,7.5,0.6780710509714877,2
429,AM110,0,43636,43660,25,12.0,1.906051800140761,0.5517118097270572,18.5,6.5,0.836670047826252,2
430,AM110,0,43682,43708,27,12.983333333333348,2.630088863027444,0.8088497308093892,17.516666666666666,6.5,1.1182282136637176,2
431,AM110,0,43730,43757,28,13.5,3.3373133970290256,1.7265365268420556,18.5,8.0,1.5643930848499488,3
432,AM110,0,43766,43819,54,27.5,12.566717351542117,9.63795912297516,12.5,16.0,4.395873790565706,4
433,AM110,0,43942,44112,171,86.0,30.953799516277115,7.190387082660298,2.5,16.5,4.919620785533363,3
434,AM110,1,44580,44609,30,16.5,5.6042487089452075,2.3066739978444324,18.0,10.5,2.033408085981281,2
435,AM110,1,44631,44667,37,18.0,8.236667189874755,3.7419029454724786,0.0,18.0,1.9101239847743212,2
436,AM110,1,44721,44745,25,12.0,3.24274916666739,1.0616924595971478,22.5,10.5,0.8290036558965059,2
437,AM110,1,44754,44849,96,47.5,21.66892849487593,1.652501315970151,15.0,14.5,3.1589906161045818,5
438,AM110,1,44861,44895,35,17.0,6.9358365339396775,3.7518131031703255,20.5,13.5,1.836555073203812,2
439,AM110,1,44900,44939,40,19.5,8.706229903785324,1.1399547388086115,16.0,11.5,2.7943220408231726,3
440,AM110,1,44947,45077,131,69.0,33.30135985429137,0.4153564521615404,15.5,12.5,3.8408314835245156,5
441,AM110,1,45081,45214,134,68.5,28.13855731289487,0.3780686193290246,14.5,11.0,3.6270993675813923,5
442,AM110,1,45226,45257,32,18.5,7.129264021798695,3.1084378565703172,17.0,11.5,2.088291368786031,2
443,AM110,1,45262,45303,42,20.5,10.97036357501931,7.332460720594105,15.5,12.0,2.809435437342716,4
444,AM110,1,45308,45347,40,19.5,8.771329087697625,4.878247593537735,14.5,10.0,2.701328523028922,3
445,AM110,1,45359,45392,34,18.5,7.044873307024698,3.5780967418937624,16.0,10.5,1.8471983273713242,3
446,AM110,1,45407,45441,35,18.5,7.095194590875837,5.440950851609645,18.0,12.5,2.5175844340958746,2
447,AM110,1,45470,45533,64,31.5,16.808753235243568,3.3216049624608512,8.0,15.5,3.6290557315145993,5
448,AM110,1,45541,45571,31,14.983333333333348,6.016721413362178,4.624410928292592,19.516666666666666,10.5,2.1647664469216523,3
449,AM110,1,45619,45649,31,15.0,4.2543023271237255,2.1618573754838155,17.5,8.5,0.6780900712006955,1
450,AM110,1,45784,45811,28,13.516666666666879,5.123593879356011,0.6178422598217471,19.5,9.016666666666667,0.7708640513589808,1
451,AM110,1,45878,45904,27,13.0,4.703004215770427,1.5058563237951639,18.5,7.5,1.559137657777668,3
452,AM110,1,45922,45953,32,15.5,4.146694309759536,1.4276578174107504,16.5,8.0,0.9992222317426349,2
453,AM110,1,46014,46041,28,13.5,4.533131466074814,3.513145622254951,16.5,6.0,1.2135107578310604,1
454,AM110,1,46061,46087,27,14.5,9.516754711581559,3.2223266043406866,16.0,6.5,2.347354237484596,2
455,AM110,1,46182,46235,54,26.5,15.02531746612191,5.658507809748858,6.5,9.0,1.828288400302185,1
456,AM110,1,46251,46285,35,17.0,13.032561498450589,8.903244354278133,17.0,10.0,2.5648514026361697,2
457,AM110,1,46435,46460,26,14.0,6.390658375133877,0.9664528914030802,16.5,6.5,2.0989595226663886,2
458,AM110,1,46477,46515,39,19.0,7.428603512924197,1.185943418163684,15.0,10.0,1.3028486610013172,2
459,AM110,1,46522,46569,48,23.5,19.893434899395864,10.815720334841126,13.5,13.0,3.6455820067074027,4
460,AM110,1,46570,46606,37,18.0,13.36298858139756,10.679798240420272,13.5,7.5,3.250377712430313,2
461,AM110,1,46611,46650,40,19.5,21.66713600749288,14.191253874986987,10.0,5.5,3.2163951070213677,1
462,AM110,1,46670,46712,43,23.0,15.3342764192739,6.130715614142308,15.5,14.5,3.0547840094035577,4
463,AM110,1,46714,46843,130,64.5,38.905428955031006,2.411001180718628,15.5,8.0,3.8180980681707783,1
464,AM110,1,46848,46953,106,54.0,30.459632768134007,0.6944553868045531,10.5,16.5,3.9461165444946458,5
465,AM110,1,46956,46983,28,13.5,4.467473156003101,2.0196893759723586,18.0,7.5,1.3785112907543264,2
466,AM110,1,46985,47037,53,26.0,13.882917714651153,6.944850552565523,8.5,10.5,3.7598650724186915,2
467,AM110,1,47039,47088,50,24.5,13.175092578232,7.1879536636999335,11.5,12.0,3.278555058086407,3
468,AM110,1,47095,47119,25,15.5,5.391427027071967,0.9888295358848876,15.5,7.0,1.9268174116255465,2
469,AM110,1,47141,47169,29,14.0,3.038751001659704,0.6771256199759432,18.0,8.0,1.340928415935646,3
470,AM110,1,47176,47224,49,24.0,11.084396289906742,3.130512616652044,11.5,11.5,3.2073379923051775,3
471,AM110,1,47225,47318,94,46.5,36.87364217769494,11.780902397666894,12.0,10.5,3.7419987540168607,2
472,AM110,1,47378,47428,51,25.0,19.905358864588596,11.474739351502457,16.5,17.5,3.511650850883101,2
473,AM110,1,47429,47603,175,87.0,51.53549086167979,11.65389723962488,18.0,9.0,3.742036481637161,2
474,AM110,1,47612,47716,105,53.5,22.08910448400869,10.85640824696708,13.5,19.0,2.4315566664139943,3
475,AM110,1,47719,47911,193,97.0,40.84973521710248,8.866888458071523,20.5,21.5,3.275106420012098,2
476,AM110,1,47943,48075,133,66.5,29.385251006954473,0.7739376845600515,15.5,10.0,3.7832827530753446,5
477,AM110,1,48287,48312,26,12.5,3.901485407576661,2.9270348646487117,17.5,6.0,1.3540250801387728,2
478,AM110,1,48322,48365,44,21.5,12.637895879578062,1.3395732768847777,11.0,8.5,3.303955745741934,3
479,AM110,1,48442,48467,26,12.5,7.480059896755747,4.1371896915766255,23.0,11.5,2.104380666159313,2
480,AM110,1,48470,48513,44,22.0,19.184114304245195,13.63446193752694,13.0,11.0,3.5851016625939405,2
481,AM110,1,48522,48647,126,64.5,37.173083859815634,14.24493877637356,15.5,8.0,2.8892922826821144,1
482,AM110,1,48653,48696,44,21.5,8.455400652587667,6.336735042080091,11.0,8.5,2.044800146428941,2
483,AM110,1,48730,48764,35,23.98333333333312,15.469687031741957,3.7733551001257535,6.516666666666667,6.5,2.9681641071819054,2
484,AM110,1,48816,48843,28,13.5,16.865820402992984,14.302740697130355,19.0,8.5,2.8788558446312664,2
485,AM110,1,48859,48932,74,39.5,28.745483518071502,0.5515821633354676,16.5,8.0,3.9231626039781973,3
486,AM110,1,48944,48998,55,27.0,15.505903254364737,11.636598032090811,14.0,17.0,2.1668413181415356,2
487,AM110,1,49000,49039,40,21.0,12.079261374337436,8.289019767728956,18.0,15.0,2.4453208249684897,4
488,AM110,1,49042,49074,33,18.0,9.739899705085293,4.10361688069165,16.5,10.5,1.6459072889837554,1
489,AM110,1,49104,49129,26,12.5,12.388464220955989,8.131943055348282,1.5,14.0,2.743525907312415,2
490,AM110,1,49164,49211,48,23.5,14.533194925126923,9.942489141724536,10.5,10.0,3.052284892702664,2
491,AM110,1,49646,49672,27,13.0,4.768918048969674,1.9843824895174518,13.0,2.0,1.362475352667527,2
492,AM110,1,49863,49927,65,32.0,11.55651601595015,0.8177954937524908,7.5,15.5,1.52341118413345,3
493,AM110,1,49933,49962,30,14.5,3.9794987452723265,2.2286408687711092,18.5,9.0,1.365590717336757,2
494,AM110,1,50064,50100,37,19.0,9.986235335451411,1.40924706554276,14.5,9.5,2.1854981158750975,2
495,AM110,1,50110,50137,28,18.5,5.6604325916718015,0.5352441353081278,14.5,9.0,1.413865773694606,2
496,AM110,1,50140,50175,36,22.5,7.983782138793137,5.106040170098498,10.5,9.0,1.4533806217905507,2
497,AM110,1,50186,50223,38,18.5,11.273751268218584,7.380525387386872,17.5,12.0,3.4017483163014166,2
498,AM110,1,50239,50317,79,39.0,18.065923397521868,0.23283342766764734,20.0,11.0,2.9513465587225842,5
499,AM110,1,50328,50355,28,13.5,3.726327430800243,2.7688399047830883,17.5,7.0,0.9899903426164418,2
500,AM110,1,50613,50638,26,12.5,4.724841093016124,0.7170290016062487,19.0,7.5,1.1478568553954083,1
501,AM110,1,50886,50911,26,12.5,3.5803876987196865,2.9846266089657223,13.0,1.5,1.1039023937206165,2
502,AM110,1,50941,50969,29,15.5,3.90658007096615,2.375571353625771,16.5,8.0,1.2376134234872314,2
503,AM110,1,50992,51022,31,15.0,3.143340218721521,2.547826868035271,19.5,10.5,1.3484812147273435,3
504,AM110,1,51075,51112,38,18.5,5.063929711526157,2.312820839381644,14.5,9.0,1.2265014319948075,2
505,AM110,1,51118,51150,33,20.5,9.822851877926153,0.7708215845606086,12.0,8.5,1.7284094822387712,2
506,AM110,1,51170,51214,45,22.0,16.45805893500853,13.844491848840514,18.5,16.5,3.0732210399918167,2
507,AM110,1,51230,51279,50,26.0,9.5767976343518,0.44662934578919045,10.0,12.0,1.8835060219606357,3
508,AM110,1,51284,51332,49,24.0,12.60997425481881,2.147688744208198,14.5,14.5,2.7515848044283313,3
509,AM110,1,51339,51369,31,15.0,12.492088967463756,2.6200515748947186,18.0,9.0,2.544402157406234,2
510,AM110,1,51373,51418,46,22.5,11.35496969642405,1.40454811570943,11.0,9.5,1.8036517142122093,2
511,AM110,1,51482,51517,36,17.5,11.06045109973988,0.5176417059741135,19.0,12.5,1.1489804723931432,2
512,AM110,1,51567,51601,35,17.5,7.5704453069768505,2.5322795311301114,13.5,7.0,1.3862067151185316,1
513,AM110,1,51673,51699,27,13.0,4.707873989496063,2.2336160598500583,19.0,8.0,1.2284411975409044,2
514,AM110,1,51780,51804,25,12.0,3.141554869634794,2.156836476441285,0.5,12.5,1.1930675213645503,2
515,AM110,1,51920,51958,39,19.0,10.108352239197385,7.368830424388259,23.5,18.5,1.5697596398048628,2
516,AM110,1,52018,52051,34,16.5,4.410326413358255,3.065465198378271,0.5,17.0,1.6047772999812755,3
517,AM110,1,52090,52124,35,17.0,5.84425485690691,3.4540070299557004,12.5,5.5,1.2537697420804097,3
518,AM110,1,52183,52221,39,19.0,8.025003445286087,5.565341220165656,16.0,11.0,2.1388781815097584,2
519,AM110,1,52240,52266,27,13.0,6.2643490943939515,0.48466533599878575,20.5,9.5,1.2611794190877457,2
520,AM110,1,52281,52318,38,18.5,12.306223805846635,9.59357126033123,17.0,11.5,3.177223985317586,3
521,AM110,1,52387,52418,32,15.5,5.43052635250498,3.0257124723122346,0.0,15.5,2.1226972902600725,2
522,AM110,1,52472,52517,46,22.5,9.638113848187311,7.247966988704424,18.5,17.0,2.078013457792361,3
523,AM110,1,52568,52617,50,25.5,13.489894759768346,5.886084321889675,18.5,20.0,3.1226014772068513,4
524,AM110,1,52620,52655,36,17.5,13.789437273436386,9.998522196482849,21.5,15.0,2.448661906383081,3
525,AM110,1,52675,52701,27,13.0,2.9762198534735362,2.3985910496246716,1.0,14.0,0.8895194478653226,2
526,AM110,1,52736,52761,26,12.5,9.364164048450293,8.314920240599987,7.5,20.0,1.197356185579873,2
527,AM110,1,52900,52945,46,22.5,12.006019383728061,1.3369794753377084,17.5,16.0,1.9515453284956736,1
528,AM110,1,52947,52991,45,22.0,11.734809309644131,0.16879278653420843,17.0,15.0,1.2031099712060431,2
529,AM110,1,53054,53078,25,12.0,2.9065326911642493,2.092578166781005,22.5,10.5,0.9548444076828388,2
530,AM110,1,53085,53277,193,96.0,41.52279811882224,12.05707809108758,14.0,14.0,6.067477040179184,4
531,AM110,0,53337,53374,38,18.5,4.056965063677137,0.6674469603467016,20.0,14.5,1.7588893664260887,2
532,AM110,0,53387,53423,37,18.0,10.775724666600855,0.43357925296604694,21.0,15.0,4.486911230016495,4
533,AM110,0,53433,53477,45,22.0,10.60354303482582,1.3248410575192544,20.0,18.0,4.660061487370308,3
534,AM110,0,53494,53518,25,12.0,8.071074323168675,1.1807228792099047,2.5,14.5,3.2953513417185922,4
535,AM110,0,53598,53656,59,29.0,19.12522792664628,17.587223876502673,6.5,11.5,5.805119311887105,4
536,AM110,0,53659,53750,92,45.483333333333576,21.275076768435007,16.529167476316307,13.016666666666667,10.5,6.215506451495518,5
537,AM110,0,53754,53794,41,22.0,9.54670378948989,2.490390635269601,12.5,10.5,1.8591073886296017,3
538,AM110,0,53808,53855,48,23.5,11.7849228229361,10.616162748867968,17.5,17.0,3.5280302838597803,4
539,AM110,0,53918,53980,63,32.516666666666424,16.917176093167523,10.952661732367309,0.5,9.016666666666667,5.0250060884272765,3
540,AM110,0,53987,54032,46,22.5,9.59005194744576,0.49038158848467567,12.5,11.0,1.7199249479601932,2
541,AM110,0,54049,54105,57,28.0,20.349772956370796,16.951783826513072,19.5,23.5,6.092913404986945,2
542,AM110,0,54106,54136,31,16.0,5.626013712204516,0.7489732311908899,0.0,16.0,2.529232746565152,2
543,AM110,0,54137,54175,39,19.0,5.1789180258393,0.3586683056950872,16.5,11.5,2.232901656096945,3
544,AM110,0,54390,54425,36,38.0,21.18206888873445,15.386122531645453,19.5,9.5,5.5963451194387535,4
545,AM110,0,54534,54626,93,71.5,33.798805137719285,11.153260700281539,19.5,19.0,6.012480969821849,3
546,AM110,0,54628,54654,27,14.5,5.076032682063971,1.987441713101248,20.0,10.5,1.1945567474148888,1
547,AM110,0,54673,54712,40,19.5,11.382665609652733,1.219407597312559,20.0,15.5,4.369497415314111,2
548,AM110,0,54714,54752,39,20.5,9.071174971054244,0.397695572289596,16.5,13.0,1.6663935293373393,2
549,AM110,0,54758,54817,60,29.5,14.78610161264908,9.94444451866863,16.0,21.5,3.902591067055245,3
550,AM110,0,54944,54973,30,14.5,5.850651134116925,2.2139689913972003,1.0,15.5,1.9364188791095462,3
551,AM110,0,54975,55056,82,41.0,11.085185773899378,2.0064294628592263,16.5,9.5,3.344301433149697,3
552,AM110,0,55117,55179,63,31.0,9.181053536338464,1.3685725640278958,18.5,1.5,3.436695404850356,4
553,AM110,0,55208,55303,96,47.5,14.455080344504749,9.626653303815703,16.0,15.5,4.48223176309272,3
554,AM110,0,55332,55392,61,30.0,10.35993057917613,8.698154573748747,8.0,14.0,3.577857697682995,5
555,AM110,0,55429,55492,64,33.0,14.676999346353876,10.81976024600051,12.0,21.0,4.0395950696679295,3
556,AM110,0,55494,55568,75,38.5,14.124279301290631,9.823070769828625,22.0,12.5,5.079711405284768,3
557,AM110,0,55574,55652,79,44.5,8.715674837749884,0.5619618603626699,15.5,12.0,2.6472361880246105,4
558,AM110,0,55660,55704,45,22.0,8.463759608840865,0.25924028106448366,16.0,14.0,3.293906771810707,2
559,AM110,0,55711,55745,35,20.0,5.002712768514946,1.2410244715311949,17.5,13.5,1.6871470261544892,3
560,AM110,0,55754,55837,84,41.5,15.270988127561823,2.3388481410570185,18.0,11.5,4.46115355364998,5
561,AM110,0,55841,55898,58,28.5,13.41235223522126,10.276072580054269,13.5,18.0,4.509592089974308,3
562,AM110,0,55899,56057,159,96.0,30.071019881953,10.287888687851172,18.5,18.5,3.576607263206573,3
563,AM110,0,56060,56087,28,20.0,5.547156078911007,1.9099799514997398,20.0,16.0,2.289192956919979,3
564,AM110,0,56125,56154,30,25.5,5.048295300075363,1.2618622532791264,20.0,21.5,1.8574951506490465,2
565,AM110,0,56156,56236,81,40.5,13.517203710089728,9.878094897467069,22.5,15.0,3.65010777199526,4
566,AM110,0,56316,56411,96,65.5,19.94014363185854,10.245506856739379,17.5,11.0,4.409332069164099,3
567,AM110,0,56433,56465,33,16.0,5.9262740649447245,1.3578695977572524,22.0,14.0,2.450801573960486,2
568,AM110,0,56489,56524,36,17.5,7.019992086644594,0.6845614386850735,2.0,19.5,2.8072896318250886,2
569,AM110,0,56532,56573,42,20.5,3.4184181223037378,0.5920089399360797,23.5,20.0,1.512567674210063,3
570,AM110,0,56576,56705,130,64.5,22.517042122824844,16.202962758417453,21.5,14.0,4.344341446079387,5
571,AM110,0,56760,56850,91,72.0,15.115246920387287,0.5964275916939336,15.5,15.5,2.684814421958996,2
572,AM110,0,56851,56892,42,22.0,5.225854912459554,0.4605768025462271,17.5,15.5,1.9226924879691674,3
573,AM110,0,56893,56971,79,39.0,17.800531574845202,14.655226720651587,16.0,7.0,4.509477033706789,3
574,AM110,0,57019,57072,54,42.5,11.632104511071976,8.517443668866624,20.5,15.0,4.529024777387197,3
575,AM110,0,57129,57165,37,18.0,9.83109024794949,8.411339216368457,21.5,15.5,3.691587739950169,2
576,AM110,0,57196,57279,84,47.5,15.640320878629094,10.37063761377303,11.0,10.5,3.226888531420448,2
577,AM110,0,57284,57320,37,18.0,3.254704687515505,1.8342301803616563,13.0,7.0,0.7785007801831163,2
578,AM110,0,57339,57402,64,31.5,11.614678683136976,8.950349618927904,16.5,0.0,3.5818285250409385,4
579,AM110,0,57429,57490,62,30.5,13.41946003106755,11.056631633391822,13.5,20.0,4.365306387659234,3
580,AM110,0,57491,57523,33,16.0,6.427895907260099,0.4356165671989438,20.5,12.5,2.0245523306475106,3
581,AM110,0,57545,57665,121,60.0,14.28385160625247,0.7731853496814698,23.5,11.5,2.0935582684707845,4
582,AM110,0,57667,57694,28,13.5,7.528856572075419,3.5436947819175453,12.5,2.0,3.607222501994398,2
583,AM110,0,57695,57806,112,57.0,24.419833699128354,8.613345769700205,2.5,11.5,3.913966454793911,4
584,AM110,0,57858,57899,42,20.5,4.0635442530816475,1.9079499290279731,15.0,11.5,1.3126855927446008,3
585,AM110,0,57977,58012,36,34.5,9.993598657139325,8.013998379054923,4.5,15.0,3.504053091959478,3
586,AM110,0,58044,58080,37,39.5,12.299600754447766,4.472968953181525,21.5,13.0,3.0141451015993086,2
587,AM110,0,58085,58130,46,38.5,9.62814125684131,8.900370431284562,20.5,11.0,4.021137337944581,2
588,AM110,0,58183,58230,48,23.5,5.001648386852979,1.1889209782192944,15.5,15.0,1.2576735551479343,2
589,AM110,0,58275,58354,80,39.5,10.699030606814578,1.0784274655765478,18.5,10.0,4.219183221887426,2
590,AM110,0,58422,58464,43,21.0,4.387106918326288,1.6004961847292822,20.0,17.0,1.746497416432288,2
591,AM110,0,58727,58755,29,19.5,4.671903429597054,0.6025468053061167,18.0,13.5,1.4827781263321467,2
592,AM110,0,58825,58851,27,16.0,3.535665790587178,1.2487439485341205,22.5,14.5,1.3921807838232891,2
593,AM110,0,58876,58915,40,35.5,11.841592760064435,9.6223654938481,3.0,14.5,3.9347085462218847,2
594,AM110,1,59026,59054,29,14.0,7.2997663670276145,6.563862131719302,1.5,15.5,2.3868356116882334,2
595,AM110,1,59139,59170,32,15.5,6.526981850381,1.8943253528770574,19.0,10.5,2.9694412091572997,3
596,AM110,1,59216,59267,52,25.5,7.115247794365383,2.912853813638102,9.5,11.0,1.7310381798867458,3
597,AM110,1,59274,59303,30,14.5,2.7769557161869605,0.40438269255655324,19.0,9.5,0.8554276243592797,2
598,AM110,1,59475,59508,34,16.5,4.911808573144809,1.1174825181045671,19.0,11.5,1.5292092742642494,2
599,AM110,1,59630,59657,28,23.0,10.555142392234371,9.892842973679391,11.5,10.5,3.308456367310637,1
600,AM110,1,59707,59749,43,37.0,9.923357091038069,7.382709905205766,18.5,7.5,2.099898677390187,2
601,AM110,1,59760,59784,25,25.5,5.880126364257956,2.1213342728972027,16.5,18.0,1.6200925406488524,3
602,AM110,1,60029,60059,31,34.0,6.147697894037694,0.8321290099627194,21.5,7.5,1.4003989221808122,2
603,AM110,1,60091,60115,25,16.0,4.853478926339222,1.808821961218221,18.0,10.0,1.4297294610803382,1
604,AM110,1,60158,60192,35,37.5,12.823358022684038,1.446689674013932,20.0,9.5,2.75607871260152,2
605,AM110,1,60274,60299,26,12.5,3.7076143161818242,2.2413259668332417,20.0,8.5,0.907944763625832,2
606,AM110,1,60318,60349,32,15.5,8.713707400734263,4.104721138198638,18.0,9.5,2.0833150022946754,2
607,AM110,1,60368,60400,33,16.0,4.832722355044305,1.4275330370688128,19.0,11.0,1.378765130491119,2
608,AM110,1,60432,60456,25,56.0,23.838279038728547,12.144692247965969,8.0,16.0,2.2559096291708434,1
609,AM110,1,60868,60896,29,20.0,9.634488818596813,5.410040540465512,17.0,13.0,1.5379317457825783,2
610,AM110,1,60960,60993,34,18.5,6.571821085391831,1.959101830960014,16.5,11.0,2.0097023725048397,2
611,AM110,1,60999,61050,52,45.5,26.30288161745608,11.885231357658022,16.0,13.5,2.5806923036851486,3
612,AM110,1,61576,61605,30,18.016666666666424,7.111447284080312,2.8020853565755623,18.5,12.516666666666667,2.9513505413050023,2
613,AM110,1,61606,61652,47,23.0,9.48832631804135,2.038631593919951,13.0,12.0,2.768834375932796,3
614,AM110,1,61655,61717,63,65.5,31.052803859095583,5.866976015202369,14.5,8.0,2.9027445790983877,4
615,AM110,1,61723,61781,59,99.5,39.431923900015214,1.3926689508634136,12.0,15.5,4.44704722384963,1
616,AM110,1,61799,61891,93,66.0,32.90452918433384,0.21129191044314893,15.0,9.0,3.545014550483168,1
617,AM110,1,62237,62281,45,41.0,26.06845966578508,19.07436464727456,15.0,8.0,4.505760805421221,1
618,AM110,1,62282,62307,26,27.0,9.937275399439205,2.26374978955217,9.5,12.5,2.9527191263398995,2
619,AM110,1,62309,62370,62,42.0,18.55285698756162,7.316580063702563,14.5,8.5,3.014425152724589,1
620,AM110,1,62371,62414,44,23.0,14.728783620646887,11.106544764903846,9.0,8.0,2.8404556907589185,2
621,AM110,1,62459,62483,25,15.516666666666424,5.620256747514296,1.2209801592041978,16.5,8.016666666666667,0.9087568783988035,1
622,AM110,1,62529,62604,76,44.0,14.248446418512458,2.648486634205037,19.5,15.5,1.4010008218591135,2
623,AM110,1,62642,62673,32,18.0,9.571289067407935,1.156655531166292,14.5,8.5,1.4958362872340407,2
624,AM110,1,62683,62749,67,37.5,15.485621946068992,0.42794749562963036,17.5,7.0,2.2191858513766602,2
625,AM110,1,62761,62794,34,17.516666666666424,6.060779324872781,1.5695196675848484,15.0,8.516666666666667,1.1645681212121766,2
626,AM110,1,62804,62832,29,18.0,7.516256367089094,3.4977715209986746,14.5,8.5,1.5061743916231376,1
627,AM110,1,62834,62861,28,13.5,8.347697457171261,3.9264271805331297,12.5,2.0,1.4823213513071327,2
628,AM110,1,62921,62945,25,19.5,6.545681489547366,3.7560645616096835,13.0,8.5,1.3886729466703596,1
629,AM110,1,63004,63047,44,47.5,21.279614178995562,7.995605518919738,12.5,12.0,2.958123488338725,2
630,AM110,1,63311,63368,58,28.5,10.4124220982676,2.2380988054228195,10.0,14.5,1.3783967290914014,4
631,AM110,1,63374,63406,33,17.016666666666424,5.527486126479152,1.7842214473252627,17.5,10.516666666666667,1.019631643139508,1
632,AM110,1,63510,63534,25,13.0,4.263173072735686,3.7984738675760163,20.5,9.5,1.5165014124972829,2
633,AM110,1,63536,63564,29,17.5,5.77197243766871,0.2910356323596786,13.5,7.0,2.1982785595286267,2
634,AM110,1,63668,63717,50,49.0,22.56961423685967,3.672338533794444,12.5,13.5,2.0227778417331974,3
635,AM110,1,63741,63771,31,19.0,8.801535493837155,6.126710983025524,15.5,10.5,3.042638261245523,3
636,AM110,1,63784,63829,46,22.5,11.334991145467162,8.008514428607176,18.5,17.0,2.900219933822647,2
637,AM110,1,63892,63917,26,12.5,2.7689326450858784,2.093925806206224,16.5,5.0,1.006579932741068,2
638,AM110,1,64104,64138,35,18.0,7.5667107722407705,2.500444048003427,16.5,10.5,1.872943473674026,3
639,AM110,0,64194,64226,33,16.0,7.00015376969559,0.6147110500894296,16.0,8.0,2.9015040575406785,3
640,AM110,0,64348,64393,46,22.5,9.413765122844763,2.394661767702782,18.0,16.5,3.525709867512944,3
641,AM110,0,64400,64425,26,12.5,7.043708353726359,3.9081212777312273,20.0,8.5,3.3285887721199185,2
642,AM110,0,64447,64530,84,41.5,20.121080852336345,10.919081505512032,19.5,13.0,4.0531562646865,3
643,AM110,0,64604,64641,38,18.5,8.71530248310734,1.5523725672345585,2.0,20.5,3.433095608098326,3
644,AM110,0,64676,64705,30,21.5,6.058753710651321,4.570381235630366,14.0,11.5,1.6149751911666432,2
645,AM110,0,64813,64854,42,22.0,10.867366621436291,2.037133740546837,17.0,15.0,3.4779588486847386,3
646,AM110,0,64860,64895,36,20.0,10.90192040363839,1.7352164349772048,18.0,14.0,2.976435521762292,4
647,AM110,0,64959,64987,29,18.0,6.079248045251885,1.1791739573042512,17.0,11.0,2.409401995674466,3
648,AM110,0,64997,65028,32,17.5,5.916055818139258,1.988539647541764,16.0,9.5,1.5929609946618084,2
649,AM110,0,65063,65097,35,18.5,8.373027538406795,1.013299308647153,16.5,11.0,3.221717290928591,2
650,AM110,0,65207,65232,26,20.5,6.565183655487381,1.5565661677045206,15.0,11.5,1.7350209138414718,2
651,AM110,0,65234,65264,31,19.0,2.88852683597231,0.8138641917641773,15.5,10.5,0.967081632155489,2
652,AM110,0,65271,65306,36,17.5,3.9093731912274787,1.409123104365772,14.0,7.5,0.8261884791659493,1
653,AM110,0,65376,65404,29,18.5,4.310602087714021,1.0441763540903806,19.5,14.0,1.254633069052004,3
654,AM110,0,65405,65433,29,20.016666666666424,8.63551992493885,5.623530297567973,14.5,10.516666666666667,2.8414160645936155,2
655,AM110,0,65440,65482,43,21.0,10.179665717343852,1.6596690725553993,14.0,11.0,3.3466696037649344,3
656,AM110,0,65502,65526,25,14.5,7.24176743826633,1.0321583047062606,21.0,11.5,2.882887359922062,3
657,AM110,0,65540,65564,25,17.5,7.344854426699925,5.233413301846672,18.5,12.0,2.3442757161357304,2
658,AM110,0,65570,65594,25,14.5,6.09863703525233,3.959023924521721,19.0,9.5,2.803796534790351,2
659,AM110,0,65610,65641,32,16.5,8.062427979693322,1.9864544158151174,18.5,11.0,2.802103508726657,3
660,AM110,0,65652,65682,31,23.5,11.023399695503088,1.2149903450674762,16.5,16.0,3.090722709328061,3
661,AM110,0,65683,65719,37,19.5,9.41130857641931,7.963340056334204,16.5,12.0,3.816083100202079,3
662,AM110,0,65826,65898,73,68.0,25.82717423846385,10.036871504774915,19.0,15.0,6.254429454546551,4
663,AM110,0,65964,65995,32,37.5,13.352608498803205,9.781865245920319,1.0,14.5,4.062505290545787,2
664,AM110,0,66013,66044,32,24.5,11.708539921067699,9.536514070405625,18.5,19.0,3.602446199032479,3
665,AM110,0,66051,66082,32,17.0,5.663176913474043,4.211006827655683,22.5,15.5,2.291374166771055,2
666,AM110,0,66188,66217,30,14.5,6.320049838073222,2.7640633467254494,23.0,13.5,0.9612050706906444,1
667,AM110,0,66374,66411,38,18.5,9.185796909525962,6.5805805457350655,20.0,14.5,3.678209248734886,2
668,AM110,0,66569,66638,70,34.5,16.545701198715875,7.4643858260336104,2.0,12.5,5.0176373648922885,3
669,AM110,0,66650,66702,53,26.0,11.354921063134489,0.2576399327360324,18.5,20.5,4.70797817377973,3
670,AM110,0,66713,66749,37,23.0,8.347877495249755,2.9897776777676306,2.0,1.0,1.6687008847235916,3
671,AM110,0,66770,66823,54,27.5,16.123418358917725,8.853484555619314,17.0,20.5,4.110033106978562,3
672,AM110,0,66827,66856,30,14.5,12.207434133024302,10.594279013763195,22.5,13.0,4.145750147044937,2
673,AM110,0,66886,66916,31,15.0,4.520421429089395,0.497524949071117,4.0,19.0,2.264153111869195,3
674,AM110,0,66927,66965,39,19.0,5.160778456318146,0.5485129473717981,0.5,19.5,2.553900380935707,3
675,AM110,0,67000,67096,97,48.0,17.02490896104372,0.6880847601921876,13.0,13.0,4.624327529217714,3
676,AM110,0,67107,67194,88,44.0,14.462260518084475,2.77533898033434,18.5,14.5,4.769586758178208,5
677,AM110,0,67229,67289,61,30.0,9.064906094968467,1.1086747491069016,8.0,14.0,3.4862007999415927,4
678,AM110,0,67310,67340,31,21.0,4.591094963046369,1.3927091504447953,1.5,22.5,2.403868117360534,2
679,AM110,0,67350,67374,25,12.0,6.002051725121689,1.117422259459421,3.5,15.5,2.6189175551116417,2
680,AM110,0,67405,67466,62,32.5,9.25106457520475,0.616850064332892,7.0,15.5,3.6316466393301963,4
681,AM110,0,67475,67550,76,39.5,10.868043244294423,0.4145520956496079,20.0,11.5,3.9766137108198736,3
682,AM110,0,67556,67608,53,26.0,8.42324183917511,0.8807630509860854,14.5,16.5,3.381247422530175,3
683,AM110,0,67619,67689,71,38.516666666666424,11.795005173100574,0.9362739941532324,22.0,12.516666666666667,3.7489523452081577,4
684,AM110,0,67699,67733,35,19.5,4.761909693966756,0.2943436467499943,21.0,16.5,2.178898790812581,2
685,AM110,0,67763,67794,32,15.5,4.078749920770285,0.9781792284007758,7.5,23.0,1.8216129188191177,3
686,AM110,0,67797,67843,47,36.5,14.448279167110817,10.163749471362165,0.5,13.0,5.102399006885884,3
687,AM110,0,67859,67924,66,37.0,15.688007188768625,11.248873331512009,21.0,10.0,6.307989729501369,3
688,AM110,0,67950,68023,74,55.5,20.179735397061638,15.257072019762907,7.5,15.0,4.954420915019828,3
689,AM110,0,68032,68148,117,93.0,25.384395432906086,6.347115049256802,23.5,20.5,4.509472580492872,4
690,AM239,0,68600,68662,63,44.0,13.278822954968762,0.6858006899741919,20.0,16.0,2.87771447186787,3
691,AM239,0,68666,68704,39,28.0,5.854626858348309,0.7162541117511249,18.5,22.5,2.491743754051286,4
692,AM239,0,68706,68731,26,14.5,5.157175045749937,2.736871707979197,0.0,14.5,1.4231229017689468,2
693,AM239,0,68734,68760,27,19.0,4.946362668987028,1.7523817364796597,17.0,12.0,1.8932362742924678,2
694,AM239,0,68767,68796,30,21.0,2.6862454236546487,0.8692044307788237,17.5,14.5,1.1267377162554422,2
695,AM239,0,68804,68831,28,15.5,4.788601046367846,0.7004924992173988,20.5,12.0,2.0634361115774444,2
696,AM239,0,68867,68903,37,24.5,5.827622285226546,0.47460108480505064,14.5,15.0,2.1579861693929066,4
697,AM239,0,68906,68971,66,44.0,13.098022042453957,7.5723353544869685,16.5,12.5,2.823287888353723,4
698,AM239,0,68973,69019,47,31.0,11.274188587696635,5.272338632644419,13.5,20.5,1.9586555628914262,2
699,AM239,0,69086,69155,70,55.0,16.455361494506548,8.172467847906237,16.0,23.0,3.4273172319787095,4
700,AM239,0,69219,69247,29,20.5,6.315399966593538,3.7053615717671593,16.5,13.0,1.2010508876285795,1
701,AM239,0,69248,69340,93,68.98333333333335,15.672304969996738,8.863865456851032,13.516666666666667,10.5,3.1556639439152026,4
702,AM239,0,69443,69503,61,42.5,16.104631090466146,1.67257196234347,23.0,17.5,5.374867440071793,4
703,AM239,0,69588,69616,29,22.0,8.764107588448304,2.05431050952519,0.0,22.0,2.489450383324651,3
704,AM239,0,69638,69672,35,26.5,7.636781846794408,0.46996632377726083,15.0,17.5,3.013380398485899,4
705,AM239,0,69950,69974,25,16.5,4.326553223899067,1.9785291374452223,16.5,9.0,1.7862953812301237,2
706,AM239,0,69982,70059,78,52.0,19.51547111485705,6.93287574843432,14.0,18.0,3.68194937198154,4
707,AM239,1,70125,70154,30,19.0,5.836133182942849,1.7453213992217416,16.016666666666666,11.016666666666667,1.8332291554558162,2
708,AM239,1,70377,70407,31,21.5,9.846381265577088,6.639608077711533,17.0,14.5,1.4379476222708911,2
709,AM239,1,70549,70576,28,17.0,5.706723511140128,3.5840711013415008,17.0,10.0,0.8082989456281671,1
710,AM239,1,70623,70648,26,17.0,8.426383285468585,5.67931651743985,19.0,12.0,1.5464767764614922,1
711,AM239,1,70659,70683,25,15.5,5.436675954473858,2.664510947714668,18.0,9.5,1.868166260324603,2
712,AM239,1,70897,70986,90,61.0,14.715044823104469,1.4890719053695207,19.5,8.5,2.7377090767248635,5
713,AM239,1,71074,71105,32,19.0,6.763361400475085,0.45281258096180793,19.5,14.5,2.195239830768478,2
714,AM239,1,71106,71133,28,16.0,4.925306555411684,0.26461499165325836,15.0,7.0,0.7759661273111255,1
715,AM239,1,71213,71244,32,18.0,6.0633217653784195,4.045719863867794,18.5,12.5,1.7751617208920472,2
716,AM239,1,71318,71359,42,28.0,15.503085425708372,3.721907651264238,14.5,18.5,2.1860721743000906,1
717,AM239,1,71424,71452,29,22.5,5.455901423336258,3.7987966148180767,13.0,11.5,1.6228831119753213,3
718,AM239,1,71477,71501,25,15.0,10.02961720883471,7.091935712876205,2.5,17.5,2.689117952776691,2
719,AM239,1,71570,71594,25,17.5,4.732125838284414,2.258395730965169,17.5,11.0,1.7158573627589282,3
720,AM239,1,71599,71660,62,42.0,15.666238878072017,2.888116370618246,14.5,8.5,1.7767235936472934,2
721,AM239,1,71781,71805,25,15.5,4.727175334839346,1.9492555637288091,18.0,9.5,1.0723626174940197,3
722,AM239,1,71822,71846,25,17.0,6.600553662365291,3.584571056788126,21.0,14.0,2.0023253662352323,2
723,AM239,1,72231,72257,27,18.5,6.6104927193310905,4.789744429519765,18.0,12.5,1.827215342278137,2
724,AM239,1,72266,72292,27,19.5,5.703416345944691,1.5778772335800129,18.0,13.5,0.8715599434274227,1
725,AM239,1,72293,72418,126,87.5,23.814588979621817,1.6677811200034742,14.5,6.0,2.38787982984058,2
726,AM239,1,72501,72529,29,17.0,4.176291995097787,2.2980936213638157,20.0,13.0,1.4414592550283778,2
727,AM239,1,72624,72660,37,25.0,10.598486363900019,6.3954212833983,8.0,9.0,1.5412265472023734,1
728,AM239,1,72700,72756,57,38.5,4.8086842497240605,3.034430915401943,18.5,9.0,1.4658724924032198,2
729,AM239,1,72980,73006,27,21.0,6.4619795468712775,2.824604537294966,13.5,10.5,1.031996689020917,1
730,AM239,1,73266,73294,29,19.0,6.3452670470238335,1.9078701617450775,3.5,22.5,1.2733204256619164,2
731,AM239,1,73383,73413,31,17.5,6.744222212374982,2.2291573617555915,13.0,6.5,1.8576575323399882,2
732,AM239,1,73493,73520,28,15.0,5.107506319800095,0.80432348179736,16.5,7.5,0.9140729166559436,1
733,AM239,1,73538,73591,54,35.5,11.77024920933846,6.537516450082629,17.0,4.5,2.287260665800944,2
734,AM239,1,73612,73640,29,21.0,7.144294138991959,3.889473850727411,17.0,14.0,2.1372522646195784,2
735,AM239,1,73674,73702,29,20.0,4.01746957165129,2.357128963810202,16.5,12.5,1.1316315795297642,1
736,AM239,1,73737,73763,27,18.5,8.224446927323726,4.022290966157477,12.0,6.5,2.0979407024926204,2
737,AM239,1,73802,73826,25,18.0,4.798502948222383,3.4491910398090155,14.0,8.0,1.0091611017185076,1
738,AM239,1,73837,73874,38,22.983333333333576,7.974205954067597,3.2835774821261583,15.516666666666667,14.5,1.3780281232970555,1
739,AM239,1,73878,73902,25,16.5,4.527902668488651,1.3496513671290096,17.0,9.5,1.7541651455740426,3
740,AM239,1,73910,73943,34,23.5,7.492673214694634,3.82047021642705,14.0,13.5,1.883625934419494,2
741,AM239,1,73969,74021,53,38.5,13.008916498097944,6.380229099195628,8.0,22.5,2.3809986909314365,3
742,AM239,1,74350,74375,26,19.0,5.8433805388198925,2.0522459199075653,21.0,16.0,1.1257137120047382,2
743,AM239,1,74380,74404,25,18.0,5.245958194973706,4.331412788811976,19.0,13.0,1.0594779612843281,2
744,AM239,1,74411,74485,75,49.0,25.451420580298603,19.9623558567751,17.5,18.5,3.695784498340015,2
745,AM239,1,74516,74546,31,22.0,4.720148788666719,2.3780484156111283,18.0,16.0,0.5718088682267423,1
746,AM239,1,74555,74585,31,20.0,6.715433198776124,3.6866546721253046,21.0,17.0,1.289810471852433,2
747,AM239,1,74673,74735,63,46.0,13.196365901328683,2.1763378907639614,8.0,6.0,1.0195562027125258,1
748,AM239,1,74736,74787,52,35.5,10.786567364235326,2.5275466904606034,6.5,18.0,1.570070170624278,1
749,AM239,1,74819,74884,66,47.5,15.422703806789254,1.6967735012363214,13.0,12.5,1.1165277929061934,1
750,AM239,1,74885,74918,34,23.5,12.105354812992166,2.201867736645777,13.0,12.5,4.555523963338018,2
751,AM239,1,74921,74945,25,17.5,3.4158632924223684,0.15732839543114244,14.0,7.5,0.9916317085510906,2
752,AM239,1,74954,74979,26,18.0,3.6005850592380466,1.700173457852561,13.5,7.5,1.131052040782067,3
753,AM239,1,74993,75017,25,20.0,7.94445209223311,3.5884989142206374,16.5,12.5,1.2318752326105447,1
754,AM239,1,75029,75058,30,20.5,8.838690869068408,5.260037196333461,20.5,17.0,1.6536251061346183,1
755,AM239,1,75133,75163,31,18.5,6.253208508698901,4.465124010881941,23.0,17.5,1.240279922226568,2
756,AM239,1,75164,75337,174,114.0,36.90633589360888,6.636684250685714,18.5,12.5,5.8351299004279245,4
757,AM239,1,75359,75390,32,22.5,7.974167971126673,3.47518336117344,1.0,23.5,2.6907384905520373,3
758,AM239,1,75395,75453,59,40.5,17.978909016068954,0.9582457351009115,2.0,18.5,4.706674470917582,3
759,AM239,1,75472,75522,51,35.5,11.242619441137842,2.013160381443471,7.5,19.0,4.07817395631167,3
760,AM239,1,75552,75614,63,39.5,7.847841583277947,2.389241719087732,18.0,9.5,1.3224811455908327,2
761,AM239,1,75633,75665,33,22.516666666666424,5.9724443804412655,1.1000673378313863,20.0,18.516666666666666,1.547011830738905,2
762,AM239,1,75722,75767,46,29.5,11.763291995306274,7.6873284385375715,11.5,17.0,3.472496281488967,3
763,AM239,1,75771,75845,75,46.5,21.98835556101057,14.983587256186999,20.5,19.0,4.69502035438787,2
764,AM239,1,75847,75966,120,82.5,24.25196743602331,14.12038699919844,21.0,7.5,2.996167401707733,4
765,AM239,1,75994,76022,29,20.5,9.216857293898345,5.855489650724912,1.0,21.5,2.416626920714831,3
766,AM239,1,76049,76110,62,38.5,15.30765099331145,7.376093144909149,17.5,8.0,2.8110900411749773,5
767,AM239,1,76136,76182,47,35.5,7.283849900980826,4.456991276481931,23.0,10.5,1.6485358335431686,3
768,AM239,1,76185,76215,31,21.0,14.80715733055838,8.97130641704415,12.5,9.5,4.924789489020062,1
769,AM239,0,76242,76284,43,29.0,17.036214128389382,2.377463136639382,5.5,10.5,5.571562801876625,4
770,AM239,0,76323,76356,34,22.0,10.895901542816565,0.22266519358272138,11.0,9.0,2.029060551711981,3
771,AM239,0,76565,76597,33,25.0,6.633555613344074,4.441188160588788,15.0,16.0,1.7787242327991934,2
772,AM239,0,76599,76632,34,19.983333333333576,4.804422798652519,3.950230502816662,17.016666666666666,13.0,0.9411122213753557,2
773,AM239,0,76637,76708,72,46.0,11.121194570237439,0.5956890173842453,17.0,15.0,3.580109842813025,3
774,AM239,0,76715,76778,64,39.0,11.236431299216521,1.1541567499745287,18.5,9.5,2.0687262726970475,5
775,AM239,0,77050,77221,172,118.5,36.98704151982287,9.046355527922406,23.0,21.5,4.466775507656045,5
776,AM239,0,77246,77275,30,17.516666666666424,6.88964140424782,4.859415406163686,18.5,12.016666666666667,1.2931258881779821,2
777,AM239,0,77282,77324,43,29.0,20.048033176695743,1.8388356269589863,16.5,21.5,2.6988836895935204,1
778,AM239,0,77326,77375,50,35.5,14.664164589882438,9.57331038396839,22.5,10.0,2.507099334161148,2
779,AM239,0,77425,77485,61,44.0,26.255393300188704,10.48217416179351,16.0,12.0,5.425424676331624,4
780,AM239,0,77494,77532,39,22.5,5.053955058331229,1.0019915792293108,17.0,15.5,1.5531919599376884,3
781,AM239,0,77541,77598,58,35.5,7.798121922935205,0.14619562922144805,21.5,9.0,1.4985539135520711,2
782,AM239,0,77607,77631,25,14.0,4.227470801949264,3.4955832342829045,18.0,8.0,0.8216046095164968,2
783,AM239,0,77662,77756,95,70.0,20.49711996582668,2.072939247420702,15.5,13.5,3.3333734229449314,5
784,AM239,0,77760,77794,35,19.5,4.990471854399695,2.764345914532689,16.0,11.5,1.253282965640363,2
785,AM239,0,77799,77862,64,48.5,14.264577817224653,3.2004809940649848,14.5,15.0,2.790315023538164,2
786,AM239,0,77865,77926,62,47.0,20.65965051427381,14.032129735007913,17.5,16.5,4.862049212065093,5
787,AM239,0,77954,78059,106,74.5,27.184268199660696,10.546947078293558,9.5,12.0,4.599883786886413,4
788,AM239,0,78098,78123,26,15.0,3.833811048692027,3.331472254381437,17.5,8.5,1.97626904291592,2
789,AM239,0,78308,78335,28,17.0,6.2744336920795485,1.1210647966578677,19.5,12.5,2.7422666279796863,2
790,AM239,0,78416,78452,37,24.0,7.196683581443193,1.0356827424503634,16.5,16.5,1.9762554121459321,2
791,AM239,0,78476,78517,42,27.0,14.99973668744209,12.379012796009217,8.0,11.0,5.20300656980601,3
792,AM239,0,78561,78613,53,35.0,8.714413786059925,5.4726145576267236,17.0,4.0,1.8854168080571305,2
793,AM239,0,78875,78904,30,20.5,4.4808371910413,0.795137967251195,15.5,12.0,1.303987991480145,2
794,AM239,0,78971,79105,135,88.0,29.035156842766234,2.4403322931935447,14.0,6.0,3.871520279847925,3
795,AM239,0,79110,79147,38,24.0,4.6172888121628,3.635028190457336,8.5,8.5,1.1021275369681605,2
796,AM239,0,79224,79252,29,18.0,3.350405981688009,2.047468476517755,15.0,9.0,0.9703287138500493,2
797,AM239,0,79260,79324,65,43.0,14.629604325233302,3.260581355375116,15.5,10.5,2.651835014800527,4
798,AM239,0,79333,79363,31,18.0,3.540818945813168,2.7323393909561724,16.0,10.0,0.7512558916812815,2
799,AM239,0,79413,79441,29,18.5,6.057995882217022,0.5136507877790869,20.5,15.0,1.059830593889941,2
800,AM239,0,79444,79503,60,46.5,16.35467446041449,12.300638733787666,18.0,16.5,4.378124295353426,2
801,AM239,0,79538,79566,29,21.0,2.5796880251593346,0.1722716834966027,14.0,11.0,0.9662197404012263,3
802,AM239,0,79689,79727,39,24.5,11.447580886820884,0.5662792280004161,16.5,17.0,4.999105564637833,3
803,AM239,0,79790,79825,36,26.0,4.3025367438653594,1.2123458814517887,20.0,22.0,1.4563538636071882,3
804,AM239,0,79854,79893,40,25.0,10.901349677382635,9.791814052360964,21.0,22.0,4.682833012645488,3
805,AM239,0,79959,79990,32,22.0,7.50977810205524,3.2780848476039863,18.5,16.5,1.251913188299023,1
806,AM239,0,80029,80057,29,17.0,3.6064993559866365,0.6237172829946467,21.0,14.0,1.359762608710519,3
807,AM239,0,80063,80094,32,19.5,3.9049436040860535,2.6315914013859745,19.0,14.5,1.0409587939425755,2
808,AM239,0,80096,80124,29,19.0,4.777528314009665,3.8874086992333314,16.0,11.0,1.074793999972839,2
809,AM239,0,80134,80264,131,86.0,26.812860728245287,6.167590926808349,17.5,7.5,3.466695282310801,5
810,AM239,0,80343,80465,123,83.5,35.369022002601376,19.963220714998638,14.0,1.5,5.571886314732366,4
811,AM239,0,80605,80705,101,65.5,32.78198792932008,16.23536234738762,15.5,9.0,5.417041505005539,5
812,AM239,0,80957,80990,34,20.0,8.806964275684885,7.852081486574242,22.5,18.5,3.496902657517071,2
813,AM239,0,81073,81107,35,23.0,9.194532364912904,6.727647630220697,1.5,0.5,2.844879437856254,2
814,AM239,0,81108,81274,167,114.0,43.37306056098855,12.78836092508756,1.5,19.5,5.767929960473508,5
815,AM239,0,81379,81406,28,15.0,3.1457539280973856,0.585983803555206,22.5,13.5,1.140119713956815,3
816,AM239,0,81481,81519,39,26.0,7.803412396733735,1.7879059120915144,15.0,17.0,2.427886525855476,3
817,AM239,0,81525,81551,27,15.0,3.2530460875819815,0.31912964490199347,22.0,13.0,1.406280049829889,2
818,AM239,0,81552,81596,45,36.0,6.39603801021321,0.9645465892334093,14.0,2.0,1.2319500667697543,2
819,AM239,0,81622,81657,36,24.0,3.5400926959670347,0.5803045401578495,18.5,18.5,1.3996490990549273,2
820,AM239,0,81726,81765,40,26.0,13.121655082043839,10.708122251532687,14.0,16.0,4.997058791629658,4
821,AM239,0,81868,81899,32,21.0,6.046727687166816,1.9760819231583635,10.5,7.5,1.3639496825393878,2
822,AM239,0,81998,82132,135,88.5,38.9654718357264,2.9433976657937593,19.0,11.5,5.833109818758838,4
823,AM239,1,82261,82288,28,16.0,5.101751847442479,3.7084087836705213,2.5,18.5,1.5637737394806037,2
824,AM239,1,82640,82668,29,20.0,3.99309581071183,2.215938110174149,16.0,12.0,1.178941520276688,2
825,AM239,1,82697,82744,48,34.516666666666424,14.585141599390488,6.696161550904232,8.0,18.516666666666666,2.292876650639735,2
826,AM239,1,82784,82897,114,77.5,30.701976119202435,3.259786287392405,17.5,23.0,3.4107176255420235,4
827,AM239,1,82903,82947,45,32.0,14.814515685304281,0.5006254528315356,3.5,11.5,2.005119675932161,2
828,AM239,1,82992,83016,25,18.0,5.633661306585164,3.1344052599489447,0.5,18.5,1.268822546881363,1
829,AM239,1,83099,83162,64,43.0,16.317820625407546,5.872050764775824,21.0,16.0,1.2457428214602244,1
830,AM239,1,83163,83197,35,21.5,6.135234446581612,0.3665991709415097,16.5,14.0,1.3904436284720987,2
831,AM239,1,83240,83266,27,17.5,5.149242099050312,2.7601342783357925,16.5,10.0,1.384392710902982,4
832,AM239,1,83318,83428,111,70.0,20.972199142812716,1.6382275184174326,21.0,19.0,2.373250843507568,1
833,AM239,1,83433,83571,139,95.5,31.371269358868528,2.252717350029406,22.5,22.0,2.3885920110795285,2
834,AM239,1,83858,83887,30,24.0,10.64248083820802,5.744570136784743,6.5,6.5,1.2581734993986076,1
835,AM239,1,83909,83943,35,24.016666666666424,6.165003894073675,2.9552742841465314,19.0,19.016666666666666,1.166505633359045,2
836,AM239,1,83948,83978,31,21.5,7.762431650546057,3.8437802563065,22.0,19.5,1.4424575174791832,2
837,AM239,1,84077,84110,34,24.5,6.4346155012975865,0.4481777259598882,18.5,19.0,1.523893882197856,2
838,AM239,1,84205,84242,38,25.5,10.643779404554135,5.578398895699881,11.5,13.0,1.941586464262335,2
839,AM239,1,84252,84277,26,17.0,5.632088967187156,0.9876133806253504,18.5,11.5,1.7048856792176492,2
840,AM239,1,84348,84372,25,19.5,10.887808986429699,6.208511808580639,15.5,11.0,2.249512867050828,2
841,AM239,1,84416,84443,28,16.5,4.858819544120423,3.30519529429598,15.5,8.0,1.2688351574515926,2
842,AM239,1,84459,84491,33,24.5,9.768066905826792,6.454471596155601,22.0,22.5,1.031476789416466,1
843,AM239,1,84586,84625,40,24.5,11.804651985403408,3.63568352329079,18.0,18.5,0.9935017523497612,1
844,AM239,1,84783,84816,34,22.5,8.542253710413336,2.6355104008016133,9.0,7.5,1.102518008230029,1
845,AM239,1,84827,84855,29,23.0,7.641039478952629,3.8793730766398498,16.5,15.5,1.091581250629482,2
846,AM239,1,84859,84964,106,70.51666666666642,19.82930968338067,3.8942181676296985,18.0,16.516666666666666,2.43719572306531,2
847,AM239,1,85108,85132,25,14.483333333333576,4.991032810232522,2.77749958777651,17.016666666666666,7.5,1.3557552808452722,2
848,AM239,1,85220,85246,27,19.5,8.829182265811573,4.257425080820239,0.5,20.0,2.3219987994974502,2
849,AM239,1,85247,85272,26,15.016666666666424,6.318284589849695,4.35580766610571,21.0,12.016666666666667,1.8042422092410084,2
850,AM239,1,85280,85314,35,24.0,9.981986360615721,3.707048466250904,20.0,20.0,2.3935707024695363,2
851,AM239,1,85478,85510,33,23.0,5.016910511123891,1.0949002460187705,20.0,19.0,1.3289033077428039,1
852,AM239,1,85547,85576,30,19.5,4.648221438001422,1.8863560537132276,20.5,16.0,1.0357139798395478,1
853,AM239,1,85577,85607,31,18.5,7.562166905631668,4.799228282150312,16.5,11.0,1.9015543563782702,2
854,AM239,1,85658,85683,26,16.0,3.9059204875453415,2.6717852121634618,21.5,13.5,1.3176665097775342,3
855,AM239,1,85867,85892,26,19.0,5.250340157538017,4.327525911160384,12.5,7.5,1.948085843425793,2
856,AM239,1,85908,85962,55,38.5,14.245394459267374,4.900674275129754,19.5,10.0,3.0470138272483407,2
857,AM239,1,86008,86045,38,23.0,6.8806602280991696,1.9925370332806323,19.5,18.5,1.12714046089227,2
858,AM239,1,86127,86152,26,15.0,3.7919570663274436,1.5929988185209363,6.5,21.5,0.8055927833645454,1
859,AM239,1,86247,86304,58,41.0,12.700503714149168,1.607588126475736,19.0,12.0,2.1405296241151945,1
860,AM239,1,86314,86339,26,16.5,3.8104660540903046,2.985754352630314,18.5,11.0,0.7720372896300087,2
861,AM239,1,86449,86475,27,17.5,5.442157996881489,1.9193648828956131,17.0,10.5,0.8906069574931652,1
862,AM239,1,86529,86576,48,32.5,9.538478973804834,3.2583237963736527,3.0,11.5,2.0232770924093075,2
863,AM239,1,86577,86610,34,22.0,10.435224141173164,3.795219174326474,13.0,11.0,2.3115656951031154,4
864,AM239,1,86662,86700,39,27.0,12.453586907465665,5.739609429322302,19.0,22.0,1.9417829273015523,3
865,AM239,1,86796,86831,36,25.016666666666424,5.670335124015409,1.8281696110329875,16.0,17.016666666666666,1.0311030440119093,2
866,AM239,1,86832,86860,29,21.0,8.798381627712475,6.035939391522707,18.0,15.0,0.9088899974242616,2
867,AM239,1,86947,87041,95,64.0,13.737208344101335,4.078507064655221,0.0,16.0,2.061604905507593,2
868,AM239,1,87043,87075,33,22.5,6.411612540935084,3.5898680295776093,17.5,16.0,1.8975058705202479,4
869,AM239,1,87077,87109,33,23.5,5.114754319966515,3.947091264357496,17.0,16.5,1.4156002812217339,2
870,AM239,1,87189,87218,30,17.5,7.824305448432193,4.861089867708107,5.0,22.5,2.46156884947285,2
871,AM239,1,87245,87404,160,105.0,38.54594786452193,8.695731400479465,14.0,23.0,4.767380885638512,2
872,AM239,1,87418,87467,50,32.5,10.36621600207258,1.1530831165948092,7.0,15.5,2.556623820438651,2
873,AM239,1,87501,87633,133,91.5,27.73432340795927,0.6089481259655434,13.5,9.0,3.6594594859871017,4
874,AM239,1,87640,87666,27,25.0,3.9735470343409105,0.2846574614133717,15.5,16.5,1.276236144020044,1
875,AM239,1,87667,87709,43,28.5,12.26406581289492,2.9109411192700603,17.5,22.0,2.990579769904294,3
876,AM239,1,87710,87826,117,90.0,20.005873588481506,3.960136232046863,22.5,16.5,2.6114880728710737,5
877,AM239,1,87859,87897,39,29.983333333333576,6.863898665207867,0.3253394066371774,17.516666666666666,23.5,2.2533543732482775,3
878,AM239,1,87902,87982,81,55.5,18.96882613747637,2.703936786755344,2.5,10.0,3.177074328055221,4
879,AM239,1,87998,88025,28,21.0,6.333315020937053,0.9856120625581819,20.5,17.5,2.6061338389012385,2
880,AM239,1,88054,88089,36,25.0,8.036237459208238,0.5459974581160292,13.5,14.5,2.206272185619142,3
881,AM239,1,88090,88157,68,49.5,11.79540673608918,1.4394633434174986,15.5,17.0,3.533806832682278,4
882,AM239,1,88158,88225,68,50.5,20.531819602187937,7.294254088344622,17.5,20.0,3.4142179432079165,4
883,AM239,1,88256,88321,66,44.0,9.901299896509181,0.48992842134506265,20.0,16.0,3.625906088867594,4
884,AM239,1,88325,88413,89,62.5,13.854319066135306,0.976568485272631,19.5,10.0,2.6896529051724607,5
885,AM239,1,88431,88481,51,35.0,8.973667498931583,3.0253252406344293,20.5,7.5,2.983642270889685,3
886,AM239,1,88482,88545,64,47.5,17.361553271737613,12.819864397283323,8.5,8.0,5.844509465828006,2
887,AM239,1,88559,88583,25,22.5,7.114920505026978,1.0040382220415929,17.5,16.0,2.2150762955102086,2
888,AM239,1,88619,88748,130,85.0,24.91056694051108,4.353552180411456,21.5,10.5,5.475954117958016,5
889,AM239,0,88749,88781,33,23.5,10.485271317970435,6.383169741413331,11.0,10.5,1.8617794436576167,2
890,AM239,0,88791,88815,25,15.0,3.7599220869564296,1.5031556722773356,16.0,7.0,0.8014855174817048,1
891,AM239,0,88819,88898,80,58.0,16.311877793186646,0.6225656787658798,9.5,19.5,1.6043123245567972,1
892,AM239,0,88907,88966,60,42.5,8.361944278370391,0.5021833967453623,6.0,0.5,1.705662392440847,2
893,AM239,0,89088,89148,61,44.0,12.245833560367176,4.20574890391675,20.0,16.0,2.166115400748078,4
894,AM239,0,89155,89215,61,37.5,10.51269103518136,2.9011530333840465,20.5,10.0,1.6584124655052543,5
895,AM239,0,89216,89281,66,47.016666666666424,11.925729755689828,1.0302742903359545,11.5,10.516666666666667,1.9580070901123494,3
896,AM239,0,89283,89355,73,48.0,26.902421037891504,16.743617075930533,12.0,12.0,5.211539485747928,4
897,AM239,0,89356,89394,39,24.0,4.989742557560066,1.0103272196049418,15.5,15.5,1.6821372632132026,2
898,AM239,0,89397,89425,29,22.0,4.2952558121073405,1.349343028346485,17.0,15.0,1.604355173857127,3
899,AM239,0,89438,89490,53,33.0,6.419673571884855,0.2612821581606073,3.0,12.0,2.447853697189899,2
900,AM239,0,89718,89783,66,42.0,11.948386568010143,6.729846004045665,19.0,13.0,2.0409829896301255,2
901,AM239,0,89786,89816,31,19.0,5.07136200033695,0.4589879799842592,15.0,10.0,1.4864512288356302,2
902,AM239,0,89833,89859,27,15.5,5.666296610171235,4.522618394596327,21.0,12.5,1.1044224790992794,2
903,AM239,0,89864,90021,158,114.5,31.91365277009782,12.624758650944477,16.5,11.0,5.801822878372516,5
904,AM239,0,90059,90152,94,66.0,19.229542860847747,7.9942354621683425,17.5,11.5,3.2459547859561857,4
905,AM239,0,90247,90274,28,17.5,2.8590947226587806,2.4264504495592547,13.0,6.5,1.283446798319042,2
906,AM239,0,90288,90322,35,26.5,5.903697566766904,0.5263165111961088,15.5,18.0,1.5613655691336763,2
907,AM239,0,90395,90427,33,21.0,3.00889507846762,2.011636769534149,15.5,12.5,0.9526555902360091,3
908,AM239,0,90500,90528,29,19.0,4.838270038994629,1.3283297016786606,18.0,13.0,1.4368089847989078,2
909,AM239,0,90602,90631,30,17.5,3.4397773263645415,1.3601324361372413,18.0,11.5,1.445665886485664,2
910,AM239,0,90670,90736,67,42.0,13.346456661002053,1.7361120423663707,16.5,10.5,2.5936482594243646,2
911,AM239,0,90785,90811,27,16.5,3.5677315886871024,2.715250738517996,20.5,13.0,1.2326059161319833,2
912,AM239,0,90853,90881,29,17.0,3.6739589280572025,1.0911611118328643,17.5,10.5,1.3911288708170655,2
913,AM239,0,90888,90917,30,21.0,3.7507327274588187,1.5391021041363915,14.5,11.5,1.2815862480000857,2
914,AM239,0,90920,90960,41,30.0,9.797730946564243,2.449166960265244,13.0,19.0,1.9553413133607658,2
915,AM239,0,90983,91025,43,35.0,8.429449596673106,3.4397491980799515,15.0,2.0,1.9271364739805477,4
916,AM239,0,91048,91076,29,18.5,4.4736261423789525,3.7640252738571505,19.0,13.5,0.7234360344836142,2
917,AM239,0,91203,91259,57,43.0,13.70335854343454,2.914194881413878,10.5,5.5,2.8300743599975586,4
918,AM239,0,91418,91443,26,15.5,3.884165960156272,1.8332599131602343,20.0,11.5,1.4970370138075066,3
919,AM239,0,91452,91477,26,18.0,5.003951242511488,1.1639587283864605,17.0,11.0,2.3368177710921763,3
920,AM239,0,91510,91545,36,23.5,6.246766401783813,0.5301543477163945,10.0,9.5,1.0222976227193579,1
921,AM239,0,91617,91644,28,16.5,4.757934707841779,1.0343445817392969,15.5,8.0,1.454645473054335,3
922,AM239,0,91695,91752,58,36.0,10.797126712480182,1.5866359162858292,18.5,6.5,2.6837891460682854,4
923,AM239,0,92016,92073,58,47.5,13.973625449660492,6.128156287185479,16.5,16.0,2.3460091828071854,5
924,AM239,0,92118,92232,115,81.98333333333358,27.125626688863548,4.17785894072276,2.0166666666666666,12.0,4.393232849324063,4
925,AM239,0,92275,92299,25,17.0,4.1357827865519745,2.326585162727898,20.5,13.5,1.0832729415162032,1
926,AM239,0,92301,92328,28,18.0,2.9508160942915076,1.9906921787735556,15.0,9.0,1.0711050357108294,3
927,AM253,0,92481,92567,87,43.0,13.662680295990317,0.69745445622575,16.0,11.0,5.060416875469796,4
928,AM253,0,92579,92619,41,20.0,4.698743426525055,0.7354110827397455,17.0,13.0,2.170696714179986,2
929,AM253,0,92631,92660,30,14.5,3.6782496908958424,2.6587765902266884,19.0,9.5,1.2179083425065844,2
930,AM253,0,92675,92719,45,22.000000000000014,5.964311517590991,2.7876595329555314,17.016666666666666,15.016666666666667,2.2646419108942,3
931,AM253,0,92721,92764,44,22.5,6.306972713487886,0.23423570696917737,16.0,14.5,2.8603132812458747,3
932,AM253,0,92767,92831,65,32.0,10.5550437682318,5.504769270068419,16.0,0.0,3.752578849177071,3
933,AM253,1,93365,93390,26,12.5,3.7673210785665034,1.5211726534501577,21.0,9.5,0.8554680719349712,2
934,AM253,1,93407,93435,29,14.0,5.483692443483195,3.7055059423274095,18.0,8.0,1.4411306908680528,3
935,AM253,1,93454,93480,27,13.5,5.758905263283388,3.8878442786214933,17.5,7.0,1.6990044674248632,4
936,AM253,1,93556,93596,41,19.98333333333335,9.673308917901167,5.693480734195377,21.016666666666666,17.0,2.2946056760984144,2
937,AM253,1,93783,93813,31,17.0,7.32150118672359,5.767417646457635,19.0,12.0,1.3068988960617662,3
938,AM253,1,93889,93913,25,12.0,10.806490517057778,9.801029870062544,6.0,18.0,2.4685836892943094,3
939,AM253,1,93915,93948,34,16.5,5.35661056222547,1.591421757075852,19.0,11.5,1.484561115847192,2
940,AM253,1,93961,94003,43,21.0,10.293249047238147,7.784649792499175,18.0,15.0,2.342043702523418,2
941,AM253,1,94143,94178,36,17.5,5.999607271523143,2.823006248149655,17.5,11.0,1.6482940745400378,3
942,AM253,1,94199,94224,26,12.5,5.17867499750009,0.9606282739844123,21.5,10.0,1.4919964218759914,3
943,AM253,1,94234,94263,30,18.5,7.63592176738852,2.129829377652033,15.0,9.5,1.5311876362259342,2
944,AM253,1,94280,94310,31,17.0,9.621448614153579,6.024271386983096,18.0,11.0,1.244680133768705,2
945,AM253,1,94341,94365,25,12.0,6.914898237040428,5.1413982266954825,2.5,14.5,1.2455898837639146,2
946,AM253,1,94385,94429,45,22.0,6.8191921741560755,1.9478615095915737,0.5,22.5,1.3015884251250782,1
947,AM253,1,94462,94523,62,30.5,6.39094683999756,1.4092750678301547,15.5,22.0,0.7419617981119049,2
948,AM253,1,94538,94587,50,24.5,6.851574134472387,1.1678706452363221,5.5,6.0,1.5962152642142442,2
949,AM253,1,94588,94633,46,22.5,7.91144326861364,0.908318528032535,6.5,5.0,1.4707721462573762,1
950,AM253,1,94664,94730,67,33.0,9.768594355128288,0.26624550097683664,20.5,5.5,2.833456979942442,3
951,AM253,1,94737,94766,30,14.5,6.244016219186488,4.34159426511175,9.0,23.5,1.8418576043324801,3
952,AM253,1,94767,94791,25,12.0,5.66971221367905,4.538294432901582,0.0,12.0,2.3668197870710665,3
953,AM253,1,94892,94917,26,12.5,4.641240470147267,0.4706446361237923,15.5,4.0,1.6762720424389026,3
954,AM253,1,95012,95038,27,13.0,5.71409990789805,4.1150534064944315,3.5,16.5,2.0491128448639624,3
955,AM253,1,95050,95203,154,79.5,19.760756294096623,5.072968716495168,22.5,6.0,2.714170117084654,5
956,AM253,1,95220,95260,41,20.0,2.798833713142256,0.4969412515502002,14.5,10.5,0.8346051255923295,2
957,AM253,1,95267,95314,48,23.5,8.232297482361522,2.228925981658227,14.0,13.5,1.7022864569451057,2
958,AM253,1,95371,95402,32,16.5,2.8209597497787358,0.9578130131824232,18.0,10.5,0.7259147622111215,3
959,AM253,1,95510,95591,82,40.48333333333312,12.625780097150205,2.693207202037822,16.516666666666666,9.0,2.291062561980575,4
960,AM253,1,95642,95691,50,25.0,6.755478938103001,4.845500850914167,11.0,12.0,2.3144363619314294,4
961,AM253,1,95699,95723,25,12.0,3.282103950627309,2.636660880569863,16.0,4.0,1.0871089812650214,2
962,AM253,1,95748,95852,105,52.0,29.36616849661757,5.76305005621097,16.5,20.5,4.0547188112101615,5
963,AM253,1,95897,95933,37,19.0,5.302363429174964,0.9726429764904696,19.0,14.0,1.1001640208056218,2
964,AM253,1,95964,96022,59,29.0,10.877648861045385,4.820608883579495,5.5,10.5,2.423725922965853,3
965,AM253,1,96108,96173,66,32.5,20.46180620114491,8.071485832510847,6.5,15.0,2.1531873934746955,1
966,AM253,1,96181,96208,28,14.5,5.693429862365857,4.485613812558714,19.0,9.5,1.5493460818441362,2
967,AM253,1,96264,96310,47,24.0,6.473380852084894,2.1565115631362732,14.5,14.5,1.910311434213945,3
968,AM253,1,96372,96396,25,12.016666666666879,1.4036110607939465,0.9755647584404358,23.0,11.016666666666667,0.6761916385355515,2
969,AM253,1,96621,96651,31,15.0,6.866735720512305,2.3438601018950287,9.5,0.5,1.5143458537260757,3
970,AM253,1,96665,96720,56,27.5,13.386826162600624,3.522243442496973,8.5,12.0,2.3521410577511785,2
971,AM253,1,96918,96946,29,14.0,5.65964191155545,2.250868003847425,17.0,7.0,1.3187596790967098,3
972,AM253,1,96958,97099,142,70.5,36.72317406740391,10.841773336297244,13.0,11.5,3.1923454249913656,2
973,AM253,1,97120,97201,82,41.48333333333312,19.565743563794605,14.408989778444141,22.016666666666666,15.5,3.3279238439041765,5
974,AM253,1,97314,97342,29,16.0,5.645361155690327,4.265786138105501,2.0,18.0,1.5602695814997376,2
975,AM253,1,97460,97536,77,38.0,18.949502626969544,0.5052797617760153,7.5,21.5,3.706531380229065,5
976,AM253,1,97562,97600,39,19.0,8.988530166739789,2.3965294760522573,10.5,5.5,1.8574185799117655,2
977,AM253,1,97886,97923,38,18.5,10.442621912393571,1.0687642325291065,7.5,2.0,2.806307385058992,2
978,AM253,1,98359,98393,35,17.0,8.05509461974674,4.892561791158126,13.0,6.0,2.4856128929628984,2
979,AM253,1,98399,98458,60,29.5,16.065172246537003,5.269973728848124,9.0,14.5,2.2794979045989967,3
980,AM253,1,98554,98581,28,13.5,4.346945553954585,1.3508525490989307,16.0,5.5,1.4378110758322291,2
981,AM253,1,98650,98701,52,25.5,7.582799812893836,0.5606754166199442,17.5,19.0,1.2522469966207177,1
982,AM253,1,98796,98824,29,14.0,4.152456988730069,2.3075515503309996,18.5,8.5,1.2794919962694093,2
983,AM253,1,98845,98875,31,15.0,4.3011539209024106,1.059467141440835,19.0,10.0,1.149661841636595,2
984,AM253,1,98889,98924,36,17.5,5.722612940114124,0.6423018493050114,17.0,10.5,1.6363381097432266,2
985,AM253,1,98930,99066,137,69.0,26.22515411470443,7.042957515436161,13.5,10.5,2.405885696950667,3
986,AM253,1,99100,99153,54,27.5,11.781206062488803,4.792655685402593,7.0,10.5,2.646268122103538,3
987,AM253,1,99224,99258,35,17.0,7.932538198875565,3.0200254911788615,22.0,15.0,2.0045280190083488,2
988,AM253,1,99265,99290,26,14.5,3.474094240766676,0.30865901370221155,18.5,9.0,1.3879377457557545,3
989,AM253,1,99299,99340,42,21.5,5.090972556317107,0.3025256621514908,13.5,11.0,1.7619100093607891,4
990,AM253,1,99354,99434,81,41.5,11.329570321281325,0.7038191539658677,18.0,11.5,1.704405493450792,4
991,AM253,1,99444,99479,36,18.5,3.8378640796745693,0.7005040643624337,16.5,11.0,1.512405358864088,3
992,AM253,1,99491,99532,42,20.5,5.098144956089585,0.4904885891247667,17.0,13.5,1.7480319557944612,3
993,AM253,1,99535,99568,34,16.5,4.323088330133702,0.5488599016157658,15.0,7.5,1.8010486123481992,2
994,AM253,1,99570,99637,68,33.5,10.339398500979602,5.160219835750627,8.5,18.0,2.275916730999606,3
995,AM253,1,99652,99716,65,32.0,9.71758166921098,6.626840647626965,1.5,9.5,2.1046861450318746,4
996,AM253,1,99735,99816,82,40.5,9.948432782297305,0.4607081811711346,19.0,11.5,2.4067319835300025,2
997,AM253,1,99827,99877,51,25.0,9.13381054049304,4.901996227129688,17.0,18.0,2.338011641928757,2
998,AM253,1,99996,100168,173,86.0,20.833860486171634,1.0146723529280521,19.0,9.0,2.3794351990472378,5
999,AM253,1,100170,100214,45,22.016666666666424,4.054210867512662,0.2738643498183665,10.0,8.016666666666667,0.9595023414259636,1
1000,AM253,1,100285,100312,28,13.5,3.7070692700970613,2.8743547335218405,19.5,9.0,1.286991986213395,3
1001,AM253,1,100327,100359,33,16.0,6.401860754275288,0.1231269335887885,16.5,8.5,1.0653283492169334,1
1002,AM253,1,100379,100406,28,13.5,2.9495404921704798,2.6916699748970814,18.5,8.0,0.9156608438575448,2
1003,AM253,1,100424,100457,34,16.5,3.5468876949821024,0.26279964898780855,17.0,9.5,0.740826493079623,1
1004,AM253,1,100521,100560,40,19.5,6.807945452217953,0.20781961136789437,17.5,13.0,1.0238257694033341,1
1005,AM253,1,100614,100644,31,16.0,11.548083322429175,8.472058352519987,16.0,8.0,1.4117815483234926,1
1006,AM253,1,100663,100696,34,16.5,8.57950287062015,0.7674448371186878,17.5,10.0,1.7642070742863383,2
1007,AM253,1,100706,100754,49,27.0,12.646081077183844,0.513141652925885,15.0,18.0,2.464704870593914,4
1008,AM253,1,100755,100793,39,19.0,6.641438364251378,2.916430954859707,18.5,13.5,2.2035391039813743,3
1009,AM253,1,100954,100988,35,17.0,5.395370671545549,2.964499163883896,23.5,16.5,1.634735874177261,4
1010,AM253,1,100993,101027,35,17.0,6.349688429939431,0.8516994356824289,19.0,12.0,1.2220482365998637,2
1011,AM253,1,101082,101221,140,71.0,23.660149704937822,2.066137557656945,15.5,14.5,2.213040581149349,5
1012,AM253,1,101222,101270,49,24.016666666666424,10.76282434830101,5.246008851116095,15.0,15.016666666666667,2.5811234715233593,2
1013,AM253,1,101335,101361,27,13.0,7.857980694941678,0.5526064537102693,23.5,12.5,2.5947325039374634,3
1014,AM253,1,101372,101402,31,15.0,5.7222805500250855,1.525804378879025,18.0,9.0,1.9304283728387717,3
1015,AM253,1,101425,101543,119,62.0,33.81962926819438,14.94940444430381,20.5,10.5,2.8166158292382284,5
1016,AM253,1,101547,101596,50,24.5,8.798431868036168,0.7435967711653733,12.5,13.0,2.7266778513652987,4
1017,AM253,1,101601,101649,49,24.0,15.673131858361545,6.068791319933405,15.5,15.5,2.6079446866592275,3
1018,AM253,1,101655,101697,43,21.0,12.758998130452193,1.9342715838076496,18.5,15.5,2.5000248581412543,1
1019,AM253,1,101702,101734,33,16.0,13.316130575867213,9.393265345384165,18.0,10.0,2.173556812688788,2
1020,AM253,1,101749,101885,137,69.0,24.431987046662897,2.8296261880649123,17.5,14.5,2.6943299974803683,2
1021,AM253,1,101889,101948,60,29.5,13.233205460378851,5.124302329558091,16.5,22.0,2.67514545835193,3
1022,AM253,1,101973,102025,53,27.0,10.664331084073991,0.49624899883373935,10.5,13.5,2.6211740865815405,3
1023,AM253,1,102039,102071,33,15.983333333333576,4.343890970385705,1.826790311314053,20.516666666666666,12.5,1.5765548986620512,2
1024,AM253,0,102086,102113,28,13.5,7.553606309827834,5.794714086716742,20.0,9.5,3.3006094267917407,2
1025,AM253,0,102116,102270,155,76.98333333333358,29.884558233728796,0.4481510802180153,11.016666666666667,16.0,3.3931877740252805,5
1026,AM253,0,102272,102319,48,23.5,8.020567343431035,0.5757584768614187,17.0,16.5,3.2405613603509305,3
1027,AM253,0,102322,102359,38,18.5,8.831624686914473,5.870178241708686,18.0,12.5,3.0724062299717496,3
1028,AM253,0,102367,102398,32,15.516666666666424,7.416474304299785,5.074391644471637,16.5,8.016666666666667,3.0924651669710173,2
1029,AM253,0,102401,102453,53,26.0,9.56306077954667,0.4766828192402225,9.5,11.5,4.163958399390921,3
1030,AM253,0,102458,102506,49,24.0,9.142255836189134,0.697519298750633,14.0,14.0,3.7241449374193865,4
1031,AM253,0,102511,102593,83,41.0,10.109840614588324,0.5671912697171418,16.5,9.5,2.6214437251679743,3
1032,AM253,0,102596,102655,60,29.5,10.060930902194562,0.34349642888356874,11.0,16.5,4.191598921933631,4
1033,AM253,0,102658,102702,45,22.0,6.815874541781339,0.435627303579524,18.0,16.0,3.056159371406336,4
1034,AM253,0,102706,102742,37,18.0,3.176765265061255,0.5653132152662944,18.0,12.0,1.345859883376305,3
1035,AM253,0,102751,102793,43,21.0,6.615143521541545,1.2231584259530355,16.5,13.5,3.2102884397292084,3
1036,AM253,0,102797,102866,70,34.5,11.30607439492994,2.916870992053663,15.5,2.0,3.7504603062045616,3
1037,AM253,0,102891,102986,96,47.5,18.134428089520092,0.40408654285949985,14.5,14.0,3.5665311644987248,5
1038,AM253,0,102988,103051,64,31.5,11.576292114429751,0.670198503177203,15.0,22.5,3.9938685447656086,3
1039,AM253,0,103054,103084,31,15.0,5.616229988704366,0.6816399594856798,0.0,15.0,2.6074173568142758,2
1040,AM253,0,103087,103166,80,40.5,14.343570967707562,0.83183647024635,16.5,9.0,4.619000184749218,5
1041,AM253,0,103170,103218,49,24.0,7.3173226732755925,0.5655432265338407,11.0,11.0,2.113109313053232,3
1042,AM253,0,103230,103271,42,21.0,6.358456987582903,0.722802025228476,17.0,14.0,1.608317876184241,3
1043,AM253,0,103278,103355,78,38.5,13.41658846352357,0.571575178431159,17.5,8.0,4.600280505643375,3
1044,AM253,0,103371,103426,56,27.5,11.465324828025143,5.703239427656322,16.0,19.5,2.8670434958504427,3
1045,AM253,0,103430,103519,90,44.5,19.779750594607894,6.14301178754364,21.5,18.0,2.9997649538945166,5
1046,AM253,0,103520,103608,89,44.016666666666424,13.403953788494084,0.27762333014373425,18.5,14.516666666666667,3.150355842287774,5
1047,AM253,0,103609,103707,99,49.0,16.478811032088476,0.19210301251180706,15.0,16.0,3.1762824795521163,5
1048,AM253,0,103709,103762,54,26.5,7.598529705138268,0.9403280348925712,17.0,19.5,3.185239781551282,3
1049,AM253,0,103763,103801,39,19.0,6.541529100032769,0.19840339131585916,20.0,15.0,2.6927917876266023,3
1050,AM253,0,103802,103853,52,25.5,7.7302754535122,0.2804198536555224,15.5,17.0,3.0033245424915442,3
1051,AM253,0,103854,103893,40,19.483333333333576,6.9625087741840455,0.3116280057490475,17.516666666666666,13.0,3.119222979988731,3
1052,AM253,0,103894,103937,44,21.5,4.495124359581867,0.46196512126819084,13.5,11.0,2.1320489838098835,3
1053,AM253,0,103938,104029,92,45.983333333333576,17.59854092328264,0.5905997472952548,11.516666666666667,9.5,3.154192182147218,1
1054,AM253,0,104031,104085,55,27.0,7.15503332669221,0.3133332818228372,10.5,13.5,2.96694498077037,2
1055,AM253,0,104086,104136,51,25.0,6.2624986590773934,0.3881308335018927,14.0,15.0,2.8867755587270567,3
1056,AM253,0,104137,104371,235,118.0,42.645425213165254,0.20226877529419748,15.5,13.5,3.3090787682134635,5
1057,AM253,0,104372,104481,110,55.5,23.413648009791853,0.38940008366956713,14.0,21.5,3.4870491043964953,5
1058,AM253,0,104483,104556,74,36.5,11.049429160547875,0.598121505618393,22.5,11.0,3.1248076070855695,2
1059,AM253,0,104557,104616,60,29.5,11.55046294115569,0.31218660946385857,11.5,17.0,3.40593534511796,2
1060,AM253,0,104617,104699,83,41.0,15.034650419427058,0.11552659188035705,17.5,10.5,3.2687740780626693,4
1061,AM253,0,104701,104762,62,30.5,11.615870089935465,0.24315033167529437,11.5,18.0,3.081949358976448,3
1062,AM253,0,104765,104845,81,40.0,11.86784535622181,0.22256183674412955,19.5,11.5,3.7287072555143492,3
1063,AM253,0,104847,104948,102,50.5,15.58096768441579,0.670355326324456,12.5,15.0,3.018959188504556,3
1064,AM253,0,104949,105041,93,46.0,11.934228016769035,0.23778377023792896,15.5,13.5,3.022688655620067,2
1065,AM253,0,105042,105099,58,28.5,8.284866212912611,5.732724284435233,14.0,18.5,2.9835447144841485,3
1066,AM253,0,105110,105144,35,17.0,7.094795277859932,6.015986251838367,0.0,17.0,3.0613025085519805,3
1067,AM253,0,105145,105232,88,43.5,14.603058372446187,0.14338449475199608,17.5,13.0,3.3836364383570636,2
1068,AM253,0,105233,105283,51,25.0,8.096209754273929,0.3368698225607156,13.5,14.5,2.9798275590129233,3
1069,AM253,0,105284,105374,91,46.5,14.164528489245962,0.40247751276980986,15.0,13.5,3.1661744846526783,3
1070,AM253,0,105376,105465,90,44.5,12.158682962580873,0.08336283329478272,14.5,11.0,3.145802483576381,2
1071,AM253,0,105466,105567,102,50.5,18.298265296687376,0.12806152130711138,11.5,14.0,3.052399569885007,5
1072,AM253,0,105568,105617,50,24.5,7.452638325815589,5.887549660071447,14.5,15.0,3.1327729111179092,2
1073,AM253,0,105626,105659,34,17.5,7.27761942729074,6.14254361673293,19.5,13.0,2.7841678211194854,2
1074,AM253,0,105661,105719,59,29.0,7.020262085513495,0.6154239627918788,14.0,19.0,2.881958013342386,2
1075,AM253,0,105720,105805,86,43.5,15.969953195844088,11.413891736415533,19.5,15.0,4.828405337439628,3
1076,AM253,0,105809,105853,45,22.016666666666424,5.778598038508777,3.0092619424902014,17.0,15.016666666666667,1.9260033233740914,4
1077,AM253,0,105859,105942,84,41.5,18.6357845236695,9.747507681438185,18.0,11.5,3.854906141438032,3
1078,AM253,0,106384,106412,29,14.0,3.0652343142847647,2.056897783994131,20.0,10.0,1.037957225424453,2
1079,AM253,0,106571,106604,34,16.5,4.938600499983801,0.28105944773939373,18.0,10.5,0.9956980550664347,2
1080,AM253,0,106714,106738,25,12.0,0.9218440026355911,0.4475310291557155,20.0,8.0,0.36945922639898726,2
1081,AM253,0,106948,106975,28,13.5,2.0750894374262545,1.5119304127943456,17.0,6.5,0.5134439357058348,2
1082,AM253,0,107006,107039,34,16.5,4.076845925503301,2.1700735747875304,22.0,14.5,1.2537126307844115,2
1083,AM253,0,107096,107131,36,17.5,3.8193424368237405,2.394092672048671,20.0,13.5,1.1280579951860377,2
1084,AM253,0,107144,107173,30,14.5,3.4704570914116935,0.6048771225372027,20.0,10.5,1.3376131470420927,3
1085,AM253,0,107235,107305,71,36.0,12.091857817827522,10.622477773046835,17.5,5.5,2.231741016501334,4
1086,AM253,0,107335,107377,43,21.0,7.603416030117975,4.91265837779804,21.0,18.0,2.4084222284769337,3
1087,AM253,0,107383,107424,42,20.5,9.311524722761847,8.066284828891142,21.0,17.5,2.8304559307641712,3
1088,AM253,0,107432,107487,56,28.5,15.361101958930432,13.905694165899082,21.5,2.0,5.537273296472937,4
1089,AM253,0,107554,107588,35,17.0,5.08260780063786,2.347260989611352,17.0,10.0,1.2286984014032345,2
1090,AM253,0,107644,107691,48,23.5,9.06038429731245,0.7044118656019673,18.5,18.0,2.5885791582468376,3
1091,AM253,0,107785,107825,41,20.0,6.165233429741766,0.4297262601072912,17.0,13.0,1.4326407737979767,2
1092,AM253,0,107880,107918,39,19.0,3.629964162867574,0.17853053304384472,18.0,13.0,0.9923232663535205,2
1093,AM253,0,108032,108058,27,14.0,4.173383053108327,1.038470476063041,22.0,12.0,1.5229123768357942,3
1094,AM253,0,108074,108099,26,12.5,1.4755607624321925,0.27935440659950544,20.0,8.5,0.6153628590857967,2
1095,AM253,0,108258,108288,31,15.0,4.03120694089686,0.3003640702704082,19.0,10.0,1.680056146583984,2
1096,AM253,0,108355,108388,34,16.5,5.90559876879105,1.0283419240714933,19.5,12.0,1.8377826896189042,3
1097,AM253,0,108605,108629,25,12.0,5.392819180775005,2.3124548354145076,0.5,12.5,1.0746329002224098,2
1098,AM253,0,108784,108818,35,17.0,3.740710488675182,1.8546929282487254,18.5,11.5,0.9086565181247542,2
1099,AM253,0,108865,108921,57,28.0,15.528238604914721,5.436982658991306,12.5,16.5,3.9307746662657164,3
1100,AM253,0,108934,108958,25,12.0,2.6243604493785955,0.6210535203115346,23.0,11.0,1.1159931986641738,2
1101,AM253,0,109019,109066,48,26.0,9.861113753930612,0.5128825502356009,18.5,20.5,2.386023148332228,3
1102,AM253,0,109090,109150,61,30.5,7.970873876308718,0.872483183987425,9.0,15.5,2.2320540423123396,3
1103,AM253,0,109254,109292,39,19.0,17.68060250122527,16.81123042307164,22.0,17.0,3.3789000026707585,2
1104,AM253,0,109298,109327,30,14.5,2.4285050606836216,1.1072643316525346,20.0,10.5,0.8475322040425222,2
1105,AM253,0,109331,109374,44,21.5,5.641550968828683,2.509670393446453,12.5,10.0,1.7917696025240608,2
1106,AM253,0,109624,109656,33,16.0,2.443391190829492,0.30912987704933237,19.5,11.5,1.229496446087644,2
1107,AM253,0,109775,109804,30,14.5,5.671709679894468,4.652016635336299,23.0,13.5,2.182875097353762,2
1108,AM253,0,110052,110076,25,13.0,2.2973838630256265,0.7309248055236166,21.0,10.0,1.0739185325736604,3
1109,AM253,0,110092,110124,33,16.016666666666424,6.8408733741722045,2.8333552608199692,18.0,10.016666666666667,2.0184197164687614,2
1110,AM253,0,110192,110221,30,14.5,4.354672731489436,1.0961618968801472,21.0,11.5,1.6892832578146468,3
1111,AM253,0,110281,110314,34,16.5,2.507525030802659,1.2586502555193204,17.5,10.0,0.989646922345658,3
1112,AM253,1,110331,110355,25,12.0,2.64284549892426,1.9470220070144544,18.5,6.5,0.9296281218081751,3
1113,AM253,1,110377,110430,54,26.5,12.296360597589885,8.813726417024991,17.5,20.0,2.542977470663467,5
1114,AM253,1,110472,110518,47,23.0,3.8853369903156083,1.2005601857517851,17.0,16.0,1.3961735056388647,2
1115,AM253,1,110521,110561,41,20.0,5.668029826056074,1.820584275606422,17.5,13.5,1.8394871322828557,3
1116,AM253,1,110569,110604,36,17.5,9.710904291170737,0.4315503960368498,17.5,11.0,0.8695830167894371,1
1117,AM253,1,110615,110653,39,18.983333333333576,12.460231740166076,0.7569977318542195,16.516666666666666,11.5,0.8407549233635445,1
1118,AM253,1,110826,110858,33,16.0,4.412166551296869,0.8626581571982141,17.0,9.0,2.0599842151994197,3
1119,AM253,1,110875,110910,36,17.5,6.943897571046863,2.6149055556430305,17.5,11.0,1.2602722758447404,2
1120,AM253,1,111034,111070,37,20.016666666666424,3.6188948646953683,1.1070126623678636,15.0,11.016666666666667,1.4756403502470437,2
1121,AM253,1,111086,111121,36,17.5,2.811782031028032,0.7297523049174249,19.0,12.5,1.0730512631126092,3
1122,AM253,1,111182,111211,30,14.5,3.626334759309855,0.3575972133416133,19.0,9.5,0.8861437652202298,2
1123,AM253,1,111273,111305,33,16.016666666666424,3.4207511088015683,0.9456703138972297,16.5,8.516666666666667,0.8852921915881329,2
1124,AM253,1,111366,111395,30,14.5,2.9746305709037792,2.6647784951519586,17.0,7.5,1.4553921964624401,3
1125,AM253,1,111545,111576,32,18.5,6.706761534243494,3.2346113142848636,13.5,8.0,1.423441978012257,2
1126,AM253,1,111674,111713,40,21.0,6.500089531570082,5.594765438227535,11.5,8.5,1.4390117083583258,2
1127,AM253,1,111753,111804,52,30.5,8.316720418167938,1.7722131822819915,6.0,12.5,1.2626821034472027,3
1128,AM253,1,111890,112034,145,76.5,18.459766441520976,2.7313258073994096,12.5,17.0,1.5631613995823452,3
1129,AM253,1,112116,112145,30,16.0,5.154793650217739,0.4975740756019313,17.0,9.0,1.1839718309811513,2
1130,AM253,1,112206,112234,29,14.0,3.435235116158039,0.8522011027428056,18.5,8.5,1.1854431801763508,2
1131,AM253,1,112249,112274,26,14.0,2.367108351632335,1.2204874594754653,16.0,6.0,0.8512817605196255,2
1132,AM253,1,112389,112417,29,14.0,3.7707205679575533,1.7085379234339844,18.5,8.5,1.118082579078663,2
1133,AM253,1,112435,112464,30,14.5,3.479583047965877,0.8689925516174303,17.5,8.0,0.8516258356586819,2
1134,AM253,1,112486,112510,25,12.0,3.627833686258492,0.719384317770497,19.0,7.0,1.0959305887911108,1
1135,AM253,1,112582,112614,33,16.0,4.365855945710255,0.8837440911909733,19.0,11.0,1.0788816286303313,1
1136,AM253,1,112627,112663,37,18.0,6.189221629906808,1.8098899882170385,17.5,11.5,1.2666218397236548,1
1137,AM253,1,112674,112710,37,18.0,6.37653724363536,0.37910704714409926,17.0,11.0,1.2323367612561722,2
1138,AM253,1,112722,112796,75,38.5,8.388778561603646,3.1271823178427414,17.0,7.5,1.2959877077633484,2
1139,AM253,1,112815,112843,29,18.5,2.3511225529380777,1.8065483781358986,21.5,16.0,1.0440487839407284,2
1140,AM253,1,112844,112869,26,12.5,3.6254254740778555,2.006310296828378,16.5,5.0,0.9163283423623738,1
1141,AM254,0,113388,113414,27,16.48333333333335,4.8082749881440545,1.7084052057994927,18.016666666666666,10.5,1.8522086220253087,3
1142,AM254,0,113419,113444,26,19.44999999999999,4.307222558778058,0.7565700061106019,13.05,8.5,1.546846000756287,2
1143,AM254,0,113525,113554,30,18.98333333333335,4.136837642483024,1.2229808839651488,13.016666666666667,8.0,1.1526490942257173,2
1144,AM254,0,113753,113794,42,31.0,7.36487199386971,4.909796290966688,18.0,1.0,2.623960210318299,2
1145,AM254,0,114200,114231,32,22.0,4.907051217294535,1.4731191730377402,17.5,15.5,1.8115670329195137,3
1146,AM254,0,114236,114260,25,17.5,3.922762570013544,0.5147985161683052,19.0,12.5,1.709442486657654,2
1147,AM254,0,114332,114358,27,17.0,6.578861408113311,5.0176328362561575,19.5,12.5,2.9362214149559343,3
1148,AM254,0,114367,114401,35,19.0,3.6544292411114285,0.525838436684348,17.5,12.5,1.5694656269894538,3
1149,AM254,0,114406,114472,67,50.5,11.808115598084115,1.1290188281575917,15.5,18.0,2.2011111610448246,2
1150,AM254,0,114544,114569,26,19.0,4.373879508611995,3.7471232873159592,17.0,12.0,1.8357858630764534,2
1151,AM254,0,114840,114871,32,19.5,6.394286384457778,2.352011109008445,14.5,10.0,1.2981327148881614,2
1152,AM254,0,114957,114981,25,14.5,2.617562721159097,1.0450013873571522,19.5,10.0,0.7790603123099751,1
1153,AM254,1,114998,115024,27,18.5,8.331403791735028,4.054798499789225,0.5,19.0,1.4390342473837048,1
1154,AM254,1,115047,115081,35,26.0,12.750162122595029,0.3682077637541283,10.0,12.0,2.218530213769015,3
1155,AM254,1,115090,115149,60,47.0,20.83786309465911,2.2484453120824304,18.5,17.5,2.5755754082889655,1
1156,AM254,1,115283,115321,39,27.5,14.13217335922555,2.7944599555269125,13.5,17.0,3.048801460771954,2
1157,AM254,1,115385,115438,54,37.5,16.93211719902485,4.1706713417344545,19.5,9.0,2.2780816145682676,2
1158,AM254,1,115601,115626,26,19.0,7.912513800721901,7.1714485742454075,21.5,16.5,2.2273972458119866,2
1159,AM254,1,115629,115694,66,43.0,20.987428949251573,12.16943975749031,18.0,13.0,2.0096958611773332,1
1160,AM254,1,115770,115799,30,17.0,4.579147081357495,3.1518066890148293,21.5,14.5,1.324658066537428,1
1161,AM254,1,115802,115829,28,18.51666666666688,8.75510236039186,4.7778283110328506,19.0,13.516666666666667,2.2306509013996445,2
1162,AM254,1,115872,115896,25,16.0,4.177687495468161,2.2909108440872012,19.5,11.5,0.8292890878795656,2
1163,AM254,1,115973,115999,27,16.5,3.44027972148551,0.45540606716234955,17.0,9.5,0.7998612079023947,2
1164,AM254,1,116001,116036,36,29.5,14.077960793235139,1.0872748506045717,10.5,16.0,1.719966540637311,2
1165,AM254,1,116040,116065,26,16.0,7.156311010734786,5.6810099458347505,19.0,11.0,2.380592077919607,2
1166,AM254,1,116105,116129,25,17.5,10.317993384828142,4.298032057993482,17.5,11.0,2.046624633285965,2
1167,AM254,1,116135,116173,39,25.5,9.089452931620881,5.923740124791671,15.5,17.0,2.9894519635640475,2
1168,AM254,1,116175,116207,33,25.5,10.614865590796864,0.49592292794076137,20.0,21.5,2.4189295989232837,2
1169,AM254,1,116233,116257,25,15.5,4.957835783612145,0.5069344375361592,22.5,14.0,2.0249194790554337,2
1170,AM254,1,116329,116358,30,23.0,9.69825888557795,6.061798717123456,18.5,17.5,2.4798787124242336,2
1171,AM254,1,116371,116403,33,20.98333333333312,10.897214968682366,5.734985928429144,2.0166666666666666,23.0,1.8701489419498893,2
1172,AM254,1,116422,116457,36,22.0,6.791117389860843,1.3347375038602356,14.5,12.5,1.530032660723627,2
1173,AM254,1,116510,116541,32,28.0,12.61101972438921,6.180074636208157,1.5,5.5,2.1696906747899085,1
1174,AM254,1,116642,116674,33,21.5,4.621516675610878,2.69411015742157,17.5,15.0,0.9574693674367889,3
1175,AM254,1,116703,116740,38,28.0,9.21428372841409,0.924336189012957,13.5,17.5,1.9144047243349047,2
1176,AM254,1,116762,116804,43,31.5,10.157548166173989,4.696789121534354,9.5,17.0,1.3170168331124612,1
1177,AM254,1,116934,117057,124,87.0,32.34958391856108,11.466048040010717,17.0,8.0,2.3535587798616846,1
1178,AM254,1,117074,117107,34,28.0,9.290878246891918,4.288244637669293,19.0,23.0,1.325021485321792,2
1179,AM254,1,117124,117165,42,30.0,11.70036911679074,4.77022535346486,10.5,16.5,2.350435862408974,3
1180,AM254,1,117198,117227,30,17.0,3.370877579171332,1.8699508114330843,14.0,7.0,0.7314453981707079,2
1181,AM254,1,117341,117370,30,18.5,6.713599420580487,0.9944798708126513,23.0,17.5,2.023916761301984,2
1182,AM254,1,117401,117426,26,16.0,4.440435359199431,3.409366777342991,14.0,6.0,1.4724579395169277,1
1183,AM254,1,117592,117631,40,26.0,10.2946181080222,1.4945921346008413,19.0,21.0,2.9791216118119737,2
1184,AM254,1,117691,117721,31,19.5,6.609627143079822,3.676701389660153,13.5,9.0,0.9234477006045363,3
1185,AM254,1,117728,117788,61,52.0,18.521270440391685,3.2653752887138108,14.0,18.0,2.621608522470501,2
1186,AM254,1,117836,117884,49,37.0,11.01191185048206,6.000738333627378,2.0,15.0,1.6369662349210425,2
1187,AM254,1,117889,117913,25,17.0,3.3816020849961252,2.6914107553427176,19.5,12.5,1.2888460713646563,2
1188,AM254,1,117957,117997,41,35.0,12.136610141498828,4.746646444532218,21.0,8.0,2.2274936190669683,2
1189,AM254,1,118001,118035,35,25.0,6.571376674193971,3.970852356589375,11.5,12.5,1.667191080797796,2
1190,AM254,1,118126,118152,27,18.0,4.423998899578502,2.074135099684855,18.5,12.5,1.2911734160632318,3
1191,AM254,1,118181,118227,47,38.0,14.288401165735085,4.592152206327101,10.0,0.0,1.4457108972037487,1
1192,AM254,1,118255,118339,85,65.5,22.86877417065007,4.325199061302181,18.5,12.0,2.1939676638376326,5
1193,AM254,1,118353,118377,25,17.0,4.341323507645941,2.885916560183725,21.0,14.0,1.4166220960375893,2
1194,AM254,1,118381,118408,28,15.0,5.301798717411806,1.1487247119396327,18.0,9.0,1.3291040578927942,3
1195,AM254,1,118417,118448,32,28.0,13.025280660713664,2.731256597461601,14.0,18.0,1.1158372457750982,1
1196,AM254,1,118451,118477,27,18.016666666666424,5.65118560070449,1.6865920318281535,21.0,15.016666666666667,1.0231394478336846,3
1197,AM254,1,118545,118575,31,22.5,7.389351186486512,2.0349013125238304,23.5,22.0,1.5029049288370044,1
1198,AM254,1,118625,118684,60,40.0,11.048629718247836,2.385076666923665,16.5,8.5,2.6635755145406934,5
1199,AM254,1,118694,118723,30,21.0,5.0742407678230155,1.938910304321096,15.0,12.0,0.7344425619559523,1
1200,AM254,1,118730,118825,96,67.51666666666642,19.878744448757125,5.021335371077728,18.0,13.516666666666667,1.4230489582094052,1
1201,AM254,1,118868,118931,64,44.0,17.07865749520121,4.178723366018219,1.0,21.0,1.9079546605029003,1
1202,AM254,1,119040,119068,29,17.983333333333576,5.6846629592596845,3.0792909043429963,23.016666666666666,17.0,1.81071326912507,3
1203,AM254,1,119080,119107,28,20.983333333332666,8.66759814288123,3.0232942836759564,0.5333333333333333,21.516666666666666,1.5020790722249668,2
1204,AM254,1,119204,119252,49,39.0,12.507830454439627,6.333640364235813,18.5,9.5,2.3593975818023627,1
1205,AM254,1,119261,119296,36,20.983333333333576,4.2074498698745995,2.6663799791428007,19.516666666666666,16.5,1.1762083023051075,2
1206,AM254,1,119297,119347,51,36.983333333333576,6.221286193701302,2.4869308531945262,17.516666666666666,6.5,0.8762316630992943,1
1207,AM254,1,119350,119381,32,26.0,4.809249760161619,0.6603220038323847,10.5,12.5,1.8178864083711206,2
1208,AM254,1,119393,119422,30,22.016666666666424,5.1645286309657505,0.7006088891169343,20.0,18.016666666666666,1.7521015785064575,3
1209,AM254,1,119424,119456,33,21.5,5.160986854262217,2.173752150352618,20.0,17.5,2.193873940646207,2
1210,AM254,1,119521,119604,84,56.5,26.362708823973716,20.222174487594017,16.516666666666666,1.0166666666666666,4.093636483373746,3
1211,AM254,1,119651,119688,38,25.0,8.866178824552394,5.894604233128233,20.0,21.0,1.97514532307926,4
1212,AM254,1,119691,119720,30,18.5,2.7581389700698082,0.5238584661481386,22.5,17.0,1.1305125394678892,2
1213,AM254,1,119737,119769,33,27.483333333333576,8.86539960733651,2.466173355701105,8.016666666666667,11.5,1.4692870459895215,2
1214,AM254,1,119836,119883,48,40.483333333333576,11.641716900724324,1.3640885205162192,21.516666666666666,14.0,1.6067597254073158,2
1215,AM254,1,120140,120264,125,90.0,28.137628651808573,9.706706334903798,0.5,18.5,4.596858331371115,3
1216,AM254,1,120294,120442,149,95.48333333333358,21.628916454768394,4.308982722250104,16.016666666666666,15.5,4.333032406934248,5
1217,AM254,1,120445,120622,178,117.0,26.48494464311814,9.14296207502962,17.5,14.5,4.609422406413558,5
1218,AM254,1,120629,120658,30,16.0,2.976534008325727,0.519779263991964,18.0,10.0,1.2519960547001345,2
1219,AM254,1,120666,120698,33,21.0,5.243889630127271,1.5621571744366,14.0,11.0,1.6880536788022318,2
1220,AM254,1,120741,120769,29,15.0,2.379890431240302,1.2948789718172409,18.5,9.5,0.8591813000365138,3
1221,AM254,1,120816,120841,26,18.5,4.5660742724675085,0.42396863936255874,17.0,11.5,1.0042568369599245,1
1222,AM254,1,120852,120876,25,15.5,2.448101475823909,2.089372162411486,18.0,9.5,0.4116299783315561,2
1223,AM254,1,120956,120980,25,16.0,2.860664975480535,0.24933938674388478,19.0,11.0,1.141101379252228,2
1224,AM254,0,121082,121116,35,21.0,6.263714904999663,1.2932166282963098,13.5,10.5,2.4532570585955424,2
1225,AM254,0,121124,121154,31,22.0,4.720164873996071,2.9599875647437957,15.0,13.0,1.9564572560421998,3
1226,AM254,0,121156,121187,32,18.5,3.3213252559481528,1.0933565737738078,14.5,9.0,1.175610463551545,3
1227,AM254,0,121195,121222,28,18.016666666666424,3.309016756748743,0.4857862541141556,16.0,10.016666666666667,1.496126868706046,3
1228,AM254,0,121223,121262,40,24.0,6.993846513850436,1.3303877984738788,11.0,11.0,1.7017643500823205,4
1229,AM254,0,121263,121327,65,44.0,7.815763667986537,5.328976552816283,12.0,8.0,2.1167711165181546,5
1230,AM254,0,121339,121378,40,23.0,7.09634985702944,5.019484020587814,18.5,17.5,3.2408353202570264,2
1231,AM254,0,121380,121449,70,43.5,8.336876196739446,1.715197802607802,20.0,15.5,2.43005218559905,4
1232,AM254,0,121451,121489,39,22.0,3.630558037547621,1.2448513445645908,18.0,16.0,1.3588565434510478,2
1233,AM254,0,121492,121518,27,16.016666666666424,3.5350143800025133,0.5901818489612685,18.5,10.516666666666667,1.703295093631067,2
1234,AM254,0,121519,121544,26,18.5,3.554344493407838,0.9436761332079932,12.0,6.5,1.4084353425046217,2
1235,AM254,0,121551,121586,36,24.0,7.256767959665196,1.3719111053060364,12.0,12.0,3.5290908670246712,2
1236,AM254,0,121587,121614,28,18.0,5.558933607346025,2.971284007982976,13.0,7.0,1.6953336244218642,3
1237,AM254,0,121615,121646,32,25.5,6.3096297492321,1.7820952179107639,7.5,9.0,1.5534425680565456,2
1238,AM254,0,121654,121716,63,41.0,10.696983833101935,0.9725829215988976,16.5,9.5,1.5585035296034657,1
1239,AM254,0,121721,121760,40,25.0,8.145010819190707,0.6732477812381844,12.5,13.5,2.83662225216242,2
1240,AM254,0,121763,121836,74,50.5,16.54289579392815,7.885496021146479,16.0,18.5,2.496162180357453,3
1241,AM254,0,121870,121896,27,17.0,3.5608526966243654,2.400670860769448,18.0,11.0,1.4990866185913427,2
1242,AM254,0,121901,121929,29,21.0,7.067765470319494,3.808631730349057,13.5,10.5,2.0837520336373903,2
1243,AM254,0,121952,121982,31,17.0,3.215411539653992,0.3472404860088825,23.0,16.0,0.8892805305171172,2
1244,AM254,0,121983,122073,91,66.5,32.165183213318336,15.411286368306792,16.5,11.0,3.2814449800254533,1
1245,AM254,0,122298,122342,45,29.0,7.551071599208917,4.888908783909752,21.0,2.0,1.932590642381923,3
1246,AM254,0,122348,122502,155,107.5,34.83292752946046,18.71379454281355,7.0,18.5,3.7273863601943664,5
1247,AM254,0,122503,122540,38,22.0,5.672526890901048,1.1318505129642993,19.0,17.0,1.7988647243005993,3
1248,AM254,0,122578,122605,28,16.016666666666424,3.5792497436675754,2.327944269947208,18.5,10.516666666666667,1.3490774508943213,3
1249,AM254,0,122650,122700,51,26.0,11.82999212881355,8.623806768332843,16.0,18.0,3.3110747749888807,3
1250,AM254,0,122701,122732,32,19.0,4.81961300361762,3.5412012115495193,18.5,13.5,1.96246099706928,2
1251,AM254,0,122769,122799,31,17.0,6.158462386731571,4.4222383074180405,20.0,13.0,2.1107050477172686,1
1252,AM254,0,122804,122847,44,28.5,13.022834169667673,7.615634878286861,17.0,21.5,1.9125937209034942,2
1253,AM254,0,122880,122904,25,17.0,5.4946598516190805,2.3095039590805566,18.0,11.0,0.875411153647591,2
1254,AM254,0,122911,122935,25,17.5,4.664676979481004,3.736043423201059,16.0,9.5,1.4205678015060184,2
1255,AM254,0,122946,122977,32,19.5,22.535703150517957,11.70367376338674,15.0,10.5,3.1470522659518796,1
1256,AM254,0,123082,123109,28,18.5,2.997855073565884,2.4836362963008596,14.0,8.5,1.416472026569617,3
1257,AM254,0,123165,123196,32,20.5,10.459698184779825,8.161669427909422,20.5,17.0,3.1905193418078195,2
1258,AM254,0,123228,123256,29,18.5,3.87894333844697,0.9213516274184627,18.5,13.0,1.2341702061781314,2
1259,AM254,0,123261,123291,31,19.5,6.541973793678124,1.5177737381853134,17.0,12.5,2.38931921960354,2
1260,AM254,0,123326,123361,36,22.0,7.493491143057336,5.642116143510712,16.0,14.0,2.1556547728549744,2
1261,AM254,0,123389,123473,85,56.5,27.49195549889452,7.632801493725636,11.0,19.5,2.355433512163067,1
1262,AM254,0,123513,123537,25,16.0,6.130566661225108,3.1582041294300245,20.5,12.5,1.5151750476288106,1
1263,AM254,0,123544,123583,40,25.0,5.543449033195656,4.167430024352476,16.5,17.5,1.180374272285932,2
1264,AM254,0,123615,123648,34,19.0,3.45736005116091,0.7691133285834056,17.5,12.5,1.0664156705752073,2
1265,AM254,0,123654,123684,31,21.0,5.12513729589032,3.7603925956335393,16.5,13.5,1.7564358308285384,2
1266,AM254,0,123697,123724,28,18.0,5.583163470384218,2.6352739651566695,21.5,15.5,1.1116008361920215,1
1267,AM254,0,123727,123754,28,17.0,3.9271709738654152,0.4539124393680475,18.5,11.5,1.0260638635463604,3
1268,AM254,0,123760,123793,34,24.5,7.438082533207661,3.2418255353969454,15.0,15.5,1.8848732072967502,2
1269,AM254,0,123797,123822,26,16.5,3.211503822938555,2.267899462973032,18.5,11.0,1.1278874262441188,3
1270,AM254,0,123948,123978,31,19.5,3.3001723404934773,2.3013869633268684,17.5,13.0,1.0256347837260198,3
1271,AM254,0,124018,124052,35,22.5,8.979127686002448,7.60236471233002,17.5,16.0,1.6481166700072432,1
1272,AM254,0,124123,124156,34,21.5,6.190025676249434,3.760631443099089,10.0,7.5,1.217667243656543,2
1273,AM254,0,124175,124199,25,16.5,3.6531299438619635,2.437720679315507,20.0,12.5,0.9528020438541135,1
1274,AM254,0,124278,124311,34,20.483333333333576,7.742001331356781,3.9055482751171384,16.516666666666666,13.0,1.6447934854684245,1
1275,AM254,0,124347,124382,36,26.5,13.422426670970806,9.865178828666961,11.0,13.5,3.7212810929528377,3
1276,AM254,0,124386,124415,30,18.5,4.362852408592931,1.5653602961430908,16.5,11.0,1.571788301892593,2
1277,AM254,0,124425,124522,98,66.5,24.20146948753583,7.910755447039307,16.5,11.0,2.4840952045778812,2
1278,AM254,0,124535,124559,25,17.0,9.589111292165788,6.073183174397626,21.5,14.5,1.3136681219789463,1
1279,AM254,0,124572,124609,38,22.0,7.221182180799252,3.5310754984597548,22.5,20.5,0.9510550590735143,2
1280,AM254,0,124610,124640,31,22.0,8.286043979691222,7.592263955218924,21.0,19.0,2.273878264910446,3
1281,AM254,0,124714,124778,65,40.5,10.620984898618522,5.245488950150501,21.0,13.5,2.2153734626763155,2
1282,AM254,0,124856,124887,32,23.0,6.142586461378286,2.1639499681472087,15.0,14.0,1.8297211283650028,3
1283,AM254,0,124892,124924,33,19.0,3.101830863934605,2.081191174799609,19.0,14.0,0.9958241536503407,2
1284,AM254,0,125008,125039,32,21.0,8.689065860765973,2.4091607608218024,1.0,22.0,1.7562200817611602,1
1285,AM254,0,125219,125256,38,22.5,8.440824354767676,7.360802619889744,20.0,18.5,1.934709029606064,2
1286,AM254,0,125259,125283,25,15.0,3.1000248211941717,1.910025881052415,20.5,11.5,1.0494362779058735,3
1287,AM254,0,125293,125317,25,15.5,3.2965493575538787,2.200949808608907,17.5,9.0,1.0468575523825534,2
1288,AM254,0,125322,125392,71,44.53333333333285,11.698271435366987,4.153291166250669,13.0,9.533333333333333,1.7332007828813627,2
1289,AM254,0,125415,125495,81,55.0,21.66296101985923,11.358479292938236,3.0,10.0,4.570191162106846,3
1290,AM254,0,125497,125533,37,28.0,7.434300621357186,1.7568961377015622,11.0,15.0,1.7269903444712453,1
1291,AM254,0,125537,125593,57,43.5,29.05974716624131,5.473057770614548,19.0,14.5,3.6381654570751296,1
1292,AM254,0,125600,125655,56,46.0,10.378082122259057,8.409189572597768,19.5,17.5,3.251599430321962,3
1293,AM254,0,125727,125760,34,20.5,7.600320067933188,6.3941240878209165,20.0,16.5,2.032893365162955,2
1294,AM254,0,125768,125804,37,23.0,4.993709506209394,2.472806968018831,21.5,20.5,1.2443818328746286,1
1295,AM254,0,125840,125886,47,28.0,3.8266720273190447,1.3176047427607775,18.0,22.0,1.4436374261506246,2
1296,AM254,0,125887,125936,50,33.483333333333576,5.305255525906711,2.1309070059888087,22.516666666666666,8.0,1.4389619745411237,5
1297,AM254,0,126022,126060,39,23.0,4.189351587926557,2.9609907609789756,0.5,23.5,1.2656158719085742,3
1298,AM254,0,126082,126116,35,20.483333333333576,3.96998295253588,1.5868324527151745,14.516666666666667,11.0,1.403641880839117,2
1299,AM254,0,126267,126306,40,25.0,6.186810514152953,3.2844206037301835,12.5,13.5,0.965421254015263,1
1300,AM254,0,126453,126489,37,21.516666666666424,3.6940215220520987,0.716836692605613,19.0,16.516666666666666,0.9304989790807318,2
1301,AM254,0,126571,126603,33,19.483333333333576,2.3827725254183267,2.136763210612871,15.516666666666667,11.0,1.4439144542158686,2
1302,AM254,0,126877,126905,29,17.5,3.6969600169278425,0.5952967247983323,19.0,12.5,1.5335275328420532,2
1303,AM254,0,126951,126976,26,17.5,3.9898060957548185,2.316167680679996,18.0,11.5,1.7677610189759734,3
1304,AM254,0,127170,127198,29,19.0,6.135677610882872,1.359084271303289,22.0,17.0,2.576442397614729,3
1305,AM254,1,127412,127438,27,17.5,2.7910355313165227,0.9601001382335224,20.0,13.5,0.8435481088246122,2
1306,AM254,1,127444,127470,27,17.5,4.901252501714417,1.7348685520168161,18.0,11.5,1.1560040962078768,2
1307,AM254,1,127544,127569,26,15.0,2.4782477588894447,0.3955158764159439,19.0,10.0,1.0278546091511696,2
1308,AM254,1,127680,127706,27,16.0,3.975935353129923,2.749685027829303,18.5,10.5,1.3281848524497788,1
1309,AM254,1,127710,127756,47,29.0,6.61137838391254,1.4307124363343522,13.0,18.0,1.4248367164657867,1
1310,AM254,1,127892,127921,30,19.5,5.096657981244831,4.142594321217199,16.5,12.0,1.1739115808789273,2
1311,AM254,1,127932,127966,35,24.5,6.738085842751479,5.1497465422453,19.5,20.0,3.386523385249682,2
1312,AM254,1,127976,128090,115,79.5,25.017064565806027,6.437738381580169,1.5,9.0,2.6866586753895483,1
1313,AM254,1,128101,128175,75,51.483333333333576,16.32330098596485,11.227018740482787,15.016666666666667,18.5,3.2721746141553103,2
1314,AM254,1,128200,128243,44,34.0,11.53353998534746,2.9318922638876317,7.0,17.0,1.6798657161015311,2
1315,AM254,1,128278,128304,27,15.5,5.652757737972247,2.7843365809790224,3.0,18.5,1.3494231227269404,2
1316,AM254,1,128341,128372,32,20.0,5.710309847212615,0.3245150767869864,18.5,14.5,1.4680864434053222,2
1317,AM254,1,128555,128624,70,44.0,16.120468827746052,2.379869388292742,0.0,20.0,2.216362024602064,2
1318,AM254,1,128681,128714,34,23.5,9.328464306158686,0.5521785242933455,13.5,13.0,1.660469568509502,2
1319,AM254,1,128784,128815,32,25.5,6.961563575958998,1.3734265391119866,16.5,18.0,1.5256818525609264,2
1320,AM254,1,128853,128881,29,17.5,9.231551284763539,3.0746904545483114,23.5,17.0,1.442719347912058,1
1321,AM254,1,129112,129181,70,49.5,16.46016572105418,1.202537500877785,22.0,23.5,1.330270564089355,1
1322,AM254,1,129277,129309,33,21.5,7.283565700004108,5.430718552937862,16.0,13.5,1.3191071875836955,1
1323,AM254,1,129312,129350,39,21.5,6.088426196327848,4.4491738924875515,15.5,13.0,1.5062806452538922,2
1324,AM254,1,129353,129387,35,23.5,10.360670871687738,6.009064841053252,16.0,15.5,2.1717594396211086,2
1325,AM254,1,129392,129458,67,41.5,14.388357691118062,1.2557122974574,19.0,12.5,1.8234839077270544,2
1326,AM254,1,129478,129512,35,24.5,10.989311031725899,4.146047139727319,13.0,13.5,2.0414374455161957,1
1327,AM254,1,129612,129646,35,26.0,6.910054756813985,3.490147263349659,17.0,19.0,0.9739145859767141,3
1328,AM254,1,129648,129679,32,18.0,3.286620252376424,1.461503236687515,20.5,14.5,0.8012919702499609,2
1329,AM254,1,129687,129711,25,17.5,4.655782591480916,1.8777957544554404,20.0,13.5,1.2123266452976407,1
1330,AM254,1,129749,129792,44,28.0,10.423137249178957,4.368890269745056,17.5,21.5,2.322382544496494,2
1331,AM254,1,129812,129840,29,18.5,4.001457771114747,1.13397974283425,11.5,6.0,1.1294789725816976,3
1332,AM254,1,129846,129881,36,24.0,7.396936565291518,0.40344410042285866,9.5,9.5,1.9421111233577562,2
1333,AM254,1,129978,130003,26,16.0,8.730555361309923,6.978700019576204,20.5,12.5,2.292826631217667,2
1334,AM254,1,130004,130081,78,54.5,18.04940254914161,2.9441727350512368,13.5,20.0,2.223522634696137,1
1335,AM254,1,130112,130249,138,96.5,31.983249030165254,6.342255643367781,18.0,18.5,2.554088500429373,3
1336,AM254,1,130250,130300,51,38.5,13.1744835346325,8.50988698443118,19.5,10.0,2.951356951499009,2
1337,AM254,1,130313,130343,31,22.0,8.96974031428772,3.4234399558765563,19.5,17.5,0.9060140989531406,1
1338,AM254,1,130402,130445,44,26.5,11.568598399132217,6.084350963734508,13.5,16.0,1.5677459028095604,1
1339,AM254,1,130519,130552,34,24.5,6.684201699553284,3.829153582787344,15.5,16.0,1.6995286583709575,4
1340,AM254,1,130638,130663,26,20.0,8.146418522384625,6.777006366654625,12.0,8.0,2.0176813447965594,1
1341,AM254,1,130665,130710,46,27.516666666666424,9.062142325638026,6.874519142840513,9.5,13.016666666666667,1.7365143362104636,5
1342,AM254,1,130758,130783,26,18.5,6.743118710264136,2.7558459623754867,1.5,20.0,1.2505847829698324,1
1343,AM254,1,130880,130904,25,15.5,5.050270769333684,2.2279210842140773,16.5,8.0,1.9688876947483471,2
1344,AM254,1,130908,130942,35,28.0,9.07846263520683,6.051127232066469,10.5,14.5,1.2365410384691735,4
1345,AM254,1,130944,130976,33,23.0,5.554526811261438,3.154217855912375,15.5,14.5,1.3344291941361617,2
1346,AM254,1,130980,131015,36,22.0,6.6485460910029595,2.7687854418019615,17.5,15.5,1.0286897347671895,2
1347,AM254,1,131027,131087,61,45.5,16.50066018540979,3.871703015656609,0.5,22.0,2.3473722518595896,2
1348,AM254,1,131141,131176,36,26.5,7.573886827095632,2.1110163496076386,15.5,18.0,1.2891293406722852,1
1349,AM254,1,131589,131654,66,42.0,10.601799669493674,3.172486122266934,18.5,12.5,2.612078962154742,4
1350,AM254,1,131786,131942,157,117.0,37.25470799962339,8.949465482753952,13.0,10.0,2.406630370315195,2
1351,AM254,1,131951,131982,32,22.0,11.181711848491585,2.4909707656691262,16.0,14.0,1.7338778558141021,2
1352,AM254,1,131987,132020,34,24.0,6.023917617564952,3.233354117332169,17.0,17.0,1.1408282936886016,1
1353,AM254,1,132056,132121,66,48.5,12.402049352730291,0.5615926184970791,14.5,15.0,1.7664979600503927,1
1354,AM254,1,132131,132159,29,20.0,4.944861207872387,2.622435460467077,21.5,17.5,0.8447266153029714,1
1355,AM254,1,132163,132339,177,108.5,23.162824555002196,2.92331886961449,20.0,8.5,2.2958485358378895,5
1356,AM254,1,132403,132431,29,18.0,3.728349175778789,0.3673388327389833,15.5,9.5,1.2456939449929199,2
1357,AM254,1,132476,132509,34,22.5,6.820797734018162,3.2078869114055872,14.0,12.5,1.3351216464480438,2
1358,AM254,1,132511,132538,28,18.0,5.935070835561595,5.435940280828379,15.0,9.0,1.9779230857945918,2
1359,AM254,1,132613,132640,28,16.5,3.6289493156617243,2.2081945236390808,15.0,7.5,0.679360769380595,2
1360,AM254,1,132972,133000,29,22.0,5.55734151145631,1.6767826853496315,17.5,15.5,2.0864882174462696,2
1361,AM254,1,133004,133064,61,41.0,7.938890486757149,1.9272152251537433,18.5,11.5,0.8642771035879435,3
1362,AM254,1,133071,133095,25,14.5,2.8553357444123963,2.123588416577099,17.0,7.5,1.0282875663066944,3
1363,AM254,1,133104,133130,27,20.5,4.785300436136446,1.7213682311684777,12.0,8.5,0.8862048117159486,2
1364,AM254,1,133176,133220,45,31.5,8.682584451286825,2.4343861221836507,7.5,15.0,1.175081703241458,4
1365,AM254,0,133246,133326,81,53.0,13.905582602733556,0.9713374055571575,10.5,15.5,2.275785841547892,4
1366,AM254,0,133456,133491,36,25.016666666666424,6.425660500815066,3.196467394519506,15.5,16.516666666666666,1.7659022422554809,2
1367,AM254,0,133494,133521,28,17.0,4.036645874542472,3.325692091840552,19.0,12.0,1.4393713544012583,2
1368,AM254,0,133579,133611,33,25.5,6.018845274414693,1.2386578304871785,8.0,9.5,1.2992386183411737,2
1369,AM254,0,133614,133642,29,20.5,5.1197757238158434,4.2528040324559315,11.0,7.5,1.3743042299235224,3
1370,AM254,0,133695,133721,27,20.016666666666424,3.7705592768493705,1.5702275392390004,20.0,16.016666666666666,1.0490927092157225,2
1371,AM254,0,133729,133760,32,19.5,5.28682364105665,1.4639030293555944,21.5,17.0,1.4609548523916918,2
1372,AM254,0,133762,133794,33,20.5,3.2083616301221163,0.32174408423074674,18.5,15.0,1.1724627239974061,4
1373,AM254,0,133826,133862,37,22.5,4.7595345107929905,1.2777190477432927,11.5,10.0,1.1330619557359654,2
1374,AM254,0,133864,133932,69,48.0,9.443049696415754,3.784855423255394,12.0,12.0,1.7845283706110266,2
1375,AM254,0,133933,133990,58,42.5,5.130878343881019,0.7703972354717683,15.5,10.0,0.7346145846746959,4
1376,AM254,0,134255,134282,28,18.0,3.2613306607314625,0.7234898143148878,15.0,9.0,1.0261008002830818,2
1377,AM254,0,134292,134327,36,21.5,4.188567320171627,0.8756174454227487,14.5,12.0,1.0935667477320168,4
1378,AM254,0,134344,134398,55,35.5,6.47285601881655,1.070285314737852,22.5,10.0,1.7353706586226503,4
1379,AM254,0,134445,134483,39,21.5,5.813702983627388,4.727236320030912,14.5,12.0,1.5215556453648933,1
1380,AM254,0,134490,134589,100,67.0,17.4173900787355,4.7591237043594266,15.5,10.5,2.587235418613626,4
1381,AM254,0,134592,134665,74,53.983333333333576,11.39339588219421,5.307170139678131,13.516666666666667,19.5,2.4866168682987686,2
1382,AM254,0,134934,134965,32,20.5,4.476078752576548,0.7187150920924318,11.5,8.0,1.286682620329501,2
1383,AM254,0,135018,135053,36,24.0,6.332403486664081,3.0412383499078084,20.0,20.0,1.33374929800298,2
1384,AM254,0,135056,135140,85,60.0,16.27943437239868,8.532208393472544,21.5,9.5,2.2442651011285024,2
1385,AM254,0,135188,135301,114,67.5,12.409962357783527,5.5772021765564785,14.5,10.0,2.5403851127035035,4
1386,AM254,0,135304,135332,29,21.0,5.7075930029893005,0.4749275162805657,11.5,8.5,1.2609903099858972,3
1387,AM254,0,135498,135532,35,22.5,3.381812354455388,1.2088048205256408,15.5,14.0,0.4791432091250774,2
1388,AM254,0,135667,135692,26,16.5,2.165012038343626,0.8602396344320471,16.5,9.0,0.5402479167512986,1
1389,AM254,0,135708,135744,37,19.5,4.036544628805623,1.85247029421508,20.0,15.5,0.5971844637584489,1
1390,AM254,0,135756,135788,33,18.5,2.491866521442502,2.0014761988914818,23.0,17.5,0.701108845721784,2
1391,AM254,0,135863,135890,28,16.5,3.4925515953881794,1.322226273838084,22.0,14.5,1.0124665873101428,1
1392,AM254,0,135926,135950,25,15.5,4.173987191798608,1.0150737478672172,15.5,7.0,1.960637730381064,2
1393,AM254,0,136025,136096,72,44.983333333333576,10.107426987916309,1.3323100641672316,13.516666666666667,10.5,1.2920066803041672,1
1394,AM254,0,136104,136276,173,112.0,27.36456058048605,0.34748244699175357,16.0,8.0,2.0972841977463896,4
1395,AM254,0,136376,136429,54,37.5,12.563005495982933,2.723469361543102,1.5,15.0,3.9013165982787954,3
1396,AM254,0,136432,136536,105,68.5,18.72890162086745,0.34434805045904665,17.5,14.0,3.1175208137907005,4
1397,AM254,0,136539,136570,32,17.5,2.833785962809816,1.915846830830457,16.0,9.5,0.6910957119698229,2
1398,AM254,0,136620,136807,188,119.0,28.840554459324327,3.9780430109741944,19.5,18.5,2.565142942010506,3
1399,AM254,0,136887,136911,25,14.5,6.347461405376143,5.4161947284093355,23.0,13.5,1.6913652629971585,2
1400,AM254,0,136912,136950,39,22.5,2.995580260185181,0.24077192874123657,14.0,12.5,0.7602656944700239,2
1401,AM255,0,137006,137044,39,20.0,5.80225828294913,0.15924373593585311,22.0,18.0,2.439993635061587,2
1402,AM255,0,138201,138240,40,21.5,3.6791998943735953,1.897967137140895,13.016666666666667,10.516666666666667,1.5738027079859254,4
1403,AM255,0,138593,138772,180,97.98333333333335,26.56505956950481,10.544189522336124,14.016666666666667,16.0,5.330060969930046,5
1404,AM255,0,139212,139250,39,20.533333333333303,4.894796184618283,0.3736184429613376,14.5,11.033333333333333,1.6715698507052543,3
1405,AM255,1,139273,139402,130,67.5,23.94283566869748,6.224941300826281,22.5,18.0,3.329504030379569,5
1406,AM255,1,139404,139440,37,18.0,6.489394903603405,1.618368054629233,19.0,13.0,1.422918572166545,2
1407,AM255,1,139441,139478,38,18.5,7.863579397292164,1.2204810293285053,13.5,8.0,1.6161037404598173,2
1408,AM255,1,139577,139623,47,24.0,14.333092770649728,6.7969970586276,12.5,12.5,2.01044139266479,1
1409,AM255,1,139667,139717,51,26.0,11.064806044546366,3.1921950120993765,13.5,15.5,1.9065738625823907,3
1410,AM255,1,139718,139747,30,16.533333333333303,7.076555707320891,1.5861205971876322,16.0,8.533333333333333,1.8353071959374219,3
1411,AM255,1,139756,139791,36,20.0,8.053045704579345,2.8689256669960566,14.0,10.0,1.9201230584740907,4
1412,AM255,1,139854,139900,47,23.0,10.301303374401106,5.581752178859633,18.0,17.0,1.9966823960178939,2
1413,AM255,1,139946,139975,30,16.0,3.6316855310417893,0.45733556567341815,16.0,8.0,1.4516124500122578,3
1414,AM255,1,140027,140062,36,21.01666666666665,7.143498974461027,0.3604704831144409,12.5,9.516666666666667,2.011773533557138,3
1415,AM255,1,140076,140110,35,17.0,6.326466448349171,5.393262197617188,16.5,9.5,1.3106426043511383,2
1416,AM255,1,140120,140287,168,84.5,28.67619877299428,5.272453237846501,14.5,3.0,2.9600659586057985,5
1417,AM255,1,140307,140387,81,40.0,14.60006832575858,5.3650250881198245,13.0,5.0,1.804317910758733,4
1418,AM255,1,140388,140454,67,34.0,12.09201512625405,4.601793581669208,5.5,15.5,2.487338585725205,2
1419,AM255,1,140467,140499,33,17.0,7.060627398271183,2.1048851941657674,22.0,15.0,1.6722730708046065,2
1420,AM255,1,140536,140646,111,55.0,21.875874485467808,1.5409190591743362,10.5,17.5,2.5769739775604736,4
1421,AM255,1,140657,140730,74,37.0,12.877859841244202,1.6024428900970895,23.0,12.0,2.115202055181273,5
1422,AM255,1,140887,140925,39,20.5,14.446308346911978,8.235420378285557,18.5,15.0,3.734820474064802,1
1423,AM255,1,141071,141132,62,32.0,21.242699265089886,17.884611244468648,21.0,5.0,3.051827444900038,2
1424,AM255,1,141158,141184,27,14.5,4.8021082718884545,3.046989554120361,18.0,8.5,1.0826369734444334,1
1425,AM255,1,141186,141218,33,16.0,12.530587652782945,7.707037229579262,9.5,1.5,2.1756655908126104,4
1426,AM255,1,141447,141517,71,35.0,16.006006931838662,3.132544199775433,7.5,18.5,2.316272018009031,2
1427,AM255,1,141567,141593,27,13.0,2.8841651121741463,1.8791105424155161,19.5,8.5,0.967291508170911,2
1428,AM255,1,141608,141635,28,13.983333333333121,7.810561869951392,2.5307564082241853,16.016666666666666,6.0,2.026753334876232,2
1429,AM255,1,141666,141693,28,14.5,3.4807393628845595,0.7045794638114892,21.5,12.0,1.3403472041906672,2
1430,AM255,1,141711,141735,25,12.0,2.9676634276058813,2.0451912643333854,21.0,9.0,0.5542956585358761,1
1431,AM255,1,141852,141890,39,19.5,6.04668287477296,1.0743705145035174,19.5,15.0,1.1842582790150011,2
1432,AM255,1,141893,141934,42,20.48333333333312,5.958267887184375,3.1812500244335054,16.516666666666666,13.0,0.9373969076413433,2
1433,AM255,1,141935,141981,47,23.0,12.827880958437534,10.131391469445566,13.5,12.5,1.4484051382444174,5
1434,AM255,1,141984,142033,50,26.5,8.204007786466159,4.083289161946372,14.0,16.5,2.10077729931224,3
1435,AM255,1,142034,142065,32,15.5,4.634926818952249,1.8215938901398812,17.0,8.5,1.3406699542861538,2
1436,AM255,1,142119,142211,93,47.51666666666688,28.4084359278449,9.50338991233544,11.5,11.016666666666667,4.558757808755154,2
1437,AM255,1,142234,142271,38,18.5,8.101758883427978,1.2073022827819655,22.5,17.0,1.7904099290543218,2
1438,AM255,1,142353,142402,50,25.5,11.20374207217388,5.562162469003021,10.0,11.5,2.5333242054721596,2
1439,AM255,1,142409,142433,25,12.0,4.9918221364788256,1.6570516301404425,15.0,3.0,1.1854866996349605,2
1440,AM255,1,142737,142771,35,17.0,7.012133883636976,6.359396544434935,19.5,12.5,1.1044235338680475,2
1441,AM255,1,142782,142814,33,17.0,5.153921530571391,3.060749163268357,18.0,11.0,0.7990432798155699,2
1442,AM255,1,142869,142916,48,23.5,9.277760499453656,2.0770679411963666,16.5,16.0,1.7672203896191188,2
1443,AM255,1,142919,142949,31,16.0,10.658235775940412,0.9834224654359588,17.5,9.5,2.586975433263131,2
1444,AM255,1,142953,143058,106,52.516666666666424,21.5896156575559,10.419330111436569,11.5,16.016666666666666,3.559157724349313,5
1445,AM255,1,143062,143089,28,14.0,6.080373661519864,4.11688778615804,18.0,8.0,1.766098855447357,3
1446,AM255,1,143136,143170,35,18.0,6.620074612036794,3.889866623201858,16.0,10.0,1.9627972797632685,2
1447,AM255,1,143186,143213,28,13.5,5.038703639268217,2.4473243910125166,18.0,7.5,1.7831735163991225,2
1448,AM255,1,143230,143264,35,17.0,5.043263657804998,3.476694036611492,16.0,9.0,1.9477709067368048,3
1449,AM255,1,143303,143368,66,36.5,15.993674040063134,8.027283789227964,4.5,17.0,3.361906124839133,4
1450,AM255,1,143389,143436,48,23.5,12.139990055789667,6.599741604304307,6.0,5.5,2.2045734438968267,4
1451,AM255,1,143478,143579,102,51.5,20.55953109886573,12.03803066537039,2.5,6.0,2.5151842568645457,3
1452,AM255,1,143649,143682,34,16.5,5.290181937612386,0.3952817830234312,17.0,9.5,1.3019619592753076,4
1453,AM255,1,143701,143733,33,16.0,4.721655044922715,2.451047115011545,19.0,11.0,1.4771393559924744,2
1454,AM255,1,143734,143785,52,26.0,9.976386928301432,1.5877714593213614,11.5,13.5,1.8691290899514004,4
1455,AM255,1,143795,143826,32,15.5,7.528890516819215,6.442786203901631,18.5,10.0,2.252718336378896,2
1456,AM255,1,143844,143879,36,17.5,5.685643847153265,1.58391111804112,19.0,12.5,1.3496124856882188,2
1457,AM255,1,143902,143939,38,18.5,6.84225944584145,0.17417379291539575,0.0,18.5,2.2445715890129403,3
1458,AM255,1,143940,143966,27,14.0,5.42026199705501,0.2382238992637062,19.0,9.0,2.324321585057628,2
1459,AM255,1,143987,144017,31,17.0,4.760501412086349,0.5652733497134852,19.5,12.5,1.347426227169214,2
1460,AM255,1,144031,144064,34,17.5,5.1845123153247785,0.6113380040067687,20.5,14.0,1.6101274441769868,2
1461,AM255,1,144076,144105,30,14.5,4.179403198422185,2.28324848037094,20.0,10.5,1.347136959926685,2
1462,AM255,1,144113,144148,36,17.5,8.621261776126547,0.43590536371196975,14.5,8.0,1.160681449566128,1
1463,AM255,1,144180,144206,27,13.0,5.51606578115776,4.8848106297553295,0.0,13.0,2.128981699911814,2
1464,AM255,1,144408,144432,25,12.0,2.3557667278245016,1.3393999933457428,20.0,8.0,0.8052741071436835,2
1465,AM255,1,144491,144528,38,19.0,3.924692266245827,2.3973762428726757,14.5,9.5,1.3025148271192526,3
1466,AM255,1,144542,144625,84,42.0,10.835770757848223,2.8486162640575454,16.5,10.5,1.9214901506965243,5
1467,AM255,1,144641,144675,35,17.0,3.867675236732087,0.5168997343938131,18.5,11.5,1.1457434834843132,3
1468,AM255,1,144696,144723,28,13.5,1.7894595640692446,0.4026189502755405,22.0,11.5,0.8008126656059933,2
1469,AM255,1,144735,144765,31,15.0,3.645198047176926,2.3729323444790653,17.5,8.5,1.3226070673884833,3
1470,AM255,1,144781,144818,38,19.5,2.8069435695562284,0.6905109252642011,16.5,12.0,1.0692477732389394,3
1471,AM255,1,144827,144875,49,25.5,5.059220093510386,0.25146497364834836,16.5,18.0,2.2347060084912034,3
1472,AM255,1,144878,144911,34,16.5,3.886236527625252,0.3681825810695697,19.5,12.0,1.6050182987055217,2
1473,AM255,1,144920,144948,29,14.0,2.189310097926151,1.2244921800356696,16.5,6.5,0.7438027962604083,2
1474,AM255,1,145019,145066,48,24.5,5.886866994526768,2.6601036153577993,18.0,18.5,1.575790320640557,3
1475,AM255,1,145071,145102,32,15.5,3.1038622151015693,0.45545048557457424,21.0,12.5,1.2389441168912334,3
1476,AM255,1,145116,145152,37,18.0,2.6064720243632595,1.4990772320674681,19.5,13.5,0.8238635336480389,2
1477,AM255,1,145199,145256,58,28.5,10.73003483678223,3.039760799821665,13.0,17.5,1.418572719781026,2
1478,AM255,1,145305,145331,27,13.0,2.2900041937768907,0.3713062788612575,18.5,7.5,0.925174780527035,3
1479,AM255,1,145352,145395,44,21.5,10.613203491757083,6.257374100438659,18.0,15.5,2.942838717295685,3
1480,AM255,1,145509,145533,25,12.0,2.2728153981321833,0.844439324262455,0.5,12.5,1.03740478865142,3
1481,AM255,1,145556,145590,35,17.0,5.366979903338334,2.247266185357406,0.0,17.0,1.5807185631938203,2
1482,AM255,1,145594,145624,31,15.0,3.5360952294578194,1.4782182809999234,19.0,10.0,0.9261128536485097,3
1483,AM255,1,145630,145687,58,28.5,11.072053110870106,6.100040025062616,13.0,17.5,2.966225223190747,2
1484,AM255,1,145755,145781,27,13.0,8.551017242987527,6.813384771586806,3.5,16.5,1.5229369551470255,2
1485,AM255,1,145980,146012,33,16.0,5.1815758017242715,1.0845528091529084,20.0,12.0,1.5720420394758898,3
1486,AM255,1,146022,146051,30,14.5,3.8983575880462213,0.4442213785510672,17.0,7.5,0.9362053486162143,3
1487,AM255,1,146084,146152,69,34.0,8.644018954652953,3.249885381924043,0.0,10.0,1.8085743413806068,2
1488,AM255,1,146165,146206,42,20.5,5.452147620201318,0.780526049982781,16.5,13.0,1.1118740688314932,2
1489,AM255,1,146213,146246,34,16.5,7.084510942935855,3.3663503645911987,16.5,9.0,1.1924275218686593,3
1490,AM255,1,146259,146297,39,19.0,6.883533073908414,3.84414331437678,15.5,10.5,1.4440268782052676,2
1491,AM255,1,146321,146345,25,12.0,3.608190342650009,0.750781452008765,22.5,10.5,1.190982695548672,2
1492,AM255,1,146358,146384,27,14.0,3.069803151119631,2.1798975029605203,17.0,7.0,1.2480620589268494,2
1493,AM255,1,146400,146438,39,19.0,4.181790981323691,2.498326991181276,15.0,10.0,1.2313034376613645,2
1494,AM255,1,146458,146488,31,15.0,2.5136509508507996,0.580289835939314,20.0,11.0,0.8233312865160588,2
1495,AM255,1,146489,146514,26,12.5,5.124162609966759,1.2629207810023897,11.5,0.0,1.0153198182939924,2
1496,AM255,1,146647,146673,27,13.0,3.131543568808336,1.243316060211943,19.5,8.5,1.264385840397905,3
1497,AM255,1,146703,146729,27,13.0,3.881865011492972,1.004097508911425,23.5,12.5,1.1600595152622497,2
1498,AM255,1,146789,146832,44,21.5,7.160123013093462,0.48143764081073837,19.5,17.0,3.1954590343785028,3
1499,AM255,0,146833,146921,89,46.0,13.588638180414161,1.3515750651493277,17.5,15.5,2.935434254675921,5
1500,AM255,0,146955,147061,107,53.0,20.038268008325446,3.8965951256173352,9.0,14.0,3.186027373547083,2
1501,AM255,0,147062,147102,41,20.0,5.539875811368332,0.5822349042512133,14.5,10.5,2.148501971762797,3
1502,AM255,0,147103,147131,29,14.0,6.388463102161616,0.42339850858486544,11.0,1.0,1.6807191515583904,2
1503,AM255,0,147198,147243,46,22.5,8.878734198618881,0.6720953095781694,10.5,9.0,2.612890959185828,3
1504,AM255,0,147656,147682,27,13.0,3.5695447723212967,2.162305474619163,0.5,13.5,1.3139078411300875,2
1505,AM255,0,147683,147737,55,27.0,11.00634366201636,0.2402053450273446,14.0,17.0,2.0489404744572113,2
1506,AM255,0,147738,147771,34,16.5,3.020805199075495,1.6766585701124601,17.5,10.0,0.7442276754182249,1
1507,AM255,0,147781,147812,32,15.5,4.631225489742086,1.0966173866583893,15.0,6.5,1.6310446082461205,3
1508,AM255,0,147820,147881,62,30.5,11.660056249218375,1.3726117227022099,10.5,17.0,3.7230039892349187,4
1509,AM255,0,147882,147919,38,18.5,6.114689013579367,0.13448740738033638,17.5,12.0,2.783578376738316,2
1510,AM255,0,147920,147987,68,33.5,17.66307705211988,0.42264856552855307,12.5,22.0,4.698926593085137,4
1511,AM255,0,148029,148091,63,31.0,6.783579807342651,3.146860682138656,19.5,2.5,1.8225667678205733,3
1512,AM255,0,148177,148204,28,13.5,4.0861089960027535,0.6771459593946233,21.5,11.0,2.074707419183316,2
1513,AM255,0,148216,148293,78,39.5,9.097184478979727,1.0900046125613037,17.0,8.5,2.0000861359383246,5
1514,AM255,0,148317,148362,46,22.5,4.733527023744105,0.25139703152754145,20.5,19.0,1.8332188571317931,2
1515,AM255,0,148369,148397,29,14.0,2.4636023610576476,0.272042611742275,22.5,12.5,1.1104978165204942,2
1516,AM255,0,148405,148446,42,20.5,4.625950776944493,0.7143519097529911,16.5,13.0,1.6454121236715114,3
1517,AM255,0,148454,148496,43,21.0,4.606740124943352,0.7332174349239278,17.0,14.0,1.8581755980405863,3
1518,AM255,0,148503,148534,32,15.5,2.2026481224136396,0.82441826487373,17.5,9.0,0.763738750747574,2
1519,AM255,0,148541,148588,48,23.5,5.669805453624299,0.28601386244693267,12.5,12.0,1.5162657190724578,3
1520,AM255,0,148597,148638,42,20.5,3.1493055473973155,0.7744602100845931,16.5,13.0,0.6336685059881074,2
1521,AM255,0,148678,148735,58,28.5,11.651296484964313,0.7588135491754355,9.0,13.5,3.6305641252330365,5
1522,AM255,0,148752,148791,40,19.5,2.699165138262712,0.18432873889479193,22.0,17.5,1.1909998372096922,3
1523,AM255,0,148800,148842,43,21.0,4.941272922070029,0.2529135522440613,22.0,19.0,1.868477458610698,5
1524,AM255,0,148846,148880,35,17.0,2.852500017029913,0.6909931769198757,21.0,14.0,0.7377499236726694,2
1525,AM255,0,148885,148915,31,15.0,3.694377148453151,1.7425375913170673,16.5,7.5,1.442193084137392,3
1526,AM255,0,148928,149023,96,47.5,13.8742238905264,0.5464303878821091,14.0,13.5,2.845419602573708,5
1527,AM255,0,149026,149058,33,16.0,2.7024948308664274,0.33877180678664237,15.0,7.0,1.2346630348729302,2
1528,AM255,0,149118,149161,44,22.5,5.595740608961711,0.3189539786991725,13.0,11.5,2.575587802887845,3
1529,AM255,0,149190,149219,30,15.016666666666424,3.3089051779567074,0.5091518413476124,2.0,17.016666666666666,1.1853456442281662,3
1530,AM255,0,149222,149260,39,19.0,4.103708086752229,0.10951899639719438,18.5,13.5,1.3566996938930447,2
1531,AM255,0,149261,149311,51,25.0,5.315880924299944,2.4079701598707994,14.0,15.0,1.2740626057324569,2
1532,AM255,0,149321,149345,25,13.0,2.7847707575523226,0.8883457042597203,20.0,9.0,1.0586751119332003,4
1533,AM255,0,149358,149403,46,22.5,15.903979132012585,11.971734578691207,16.0,14.5,3.4288687936905418,2
1534,AM255,0,149405,149529,125,62.5,22.757043639720578,12.031481438841368,15.5,6.0,5.2383125314948575,5
1535,AM255,0,149533,149593,61,30.0,14.202328588885216,1.3572599907841032,8.0,14.0,4.115917115816641,2
1536,AM255,0,149594,149681,88,43.5,11.091360632280113,5.7470139660225605,14.5,10.0,3.8017134961137478,5
1537,AM255,0,149695,149729,35,17.0,3.2911557052777396,2.6610476244867036,17.0,10.0,0.9435065002496269,3
1538,AM255,0,149747,149821,75,37.0,9.589019565022927,6.190780398098807,19.0,8.0,3.4361075695842245,5
1539,AM255,0,149829,149889,61,30.0,11.478918176444786,9.560182634442372,12.0,18.0,3.0386707273117253,4
1540,AM255,0,149893,149925,33,15.983333333333576,5.647669214563567,0.5716695689433042,20.016666666666666,12.0,2.1367523237461734,2
1541,AM255,0,149926,149971,46,22.5,4.842183090587476,0.3095092307537965,12.5,11.0,1.991028217459472,3
1542,AM255,0,149988,150026,39,19.5,2.917218965621517,0.7004333485526998,19.5,15.0,0.8959736005389753,2
1543,AM255,0,150036,150071,36,17.5,5.515656914830083,5.110190506756218,20.0,13.5,1.5589772227353011,3
1544,AM255,0,150091,150119,29,14.0,6.876367322079603,6.458658344682853,23.5,13.5,1.5324975347313623,3
1545,AM255,0,150145,150214,70,34.5,8.679710723801803,0.6565634767306091,2.5,13.0,1.94159010122825,2
1546,AM255,0,150223,150261,39,19.0,3.2888114911335578,0.6008237211233284,17.5,12.5,0.9591815957436041,3
1547,AM255,0,150267,150309,43,21.0,6.310750874675098,0.5392912704025156,15.5,12.5,2.7581287650338204,3
1548,AM255,0,150315,150349,35,17.0,3.277008016188579,1.744740087739463,15.5,8.5,0.8020573732739366,2
1549,AM255,0,150390,150420,31,15.0,7.143614472824738,5.1083845930928,5.0,20.0,2.629459384531551,2
1550,AM255,0,151064,151113,50,24.5,5.809182366157828,0.2297990037009161,12.5,13.0,2.3292091930455965,4
1551,AM255,0,151114,151158,45,22.0,5.480563122813735,3.8759109894404102,13.5,11.5,1.2698828604620436,2
1552,AM255,0,151209,151269,61,30.0,8.017104126924679,5.27829932627303,13.0,19.0,2.590945687214636,3
1553,AM255,0,151272,151297,26,12.5,1.9986899383720202,0.3104382761825613,20.5,9.0,0.5048263011408012,2
1554,AM255,0,151307,151340,34,16.5,2.512145202279109,0.4418467919930076,14.0,6.5,1.2923692297919822,2
1555,AM255,0,151371,151415,45,22.0,4.027960799075972,0.4655873815879258,22.0,20.0,1.437999905197228,5
1556,AM255,0,151467,151501,35,17.0,3.3692428898734956,1.3087818939714353,22.0,15.0,0.6719332007308733,2
1557,AM255,0,151506,151563,58,28.5,5.77372693302922,0.365306440667085,17.5,22.0,2.322554929539846,3
1558,AM255,0,151565,151602,38,18.5,3.486950969117973,0.41041031276543827,23.0,17.5,0.8413734173697345,3
1559,AM255,0,151657,151691,35,17.0,2.748082594568595,1.9474675803935528,21.0,14.0,0.8880027231839906,2
1560,AM255,0,151792,151889,98,48.5,13.575095399981628,3.0025496545977686,16.5,17.0,2.854972167271283,4
1561,AM255,0,151930,151975,46,22.5,6.823279810699515,4.555668074281684,13.5,12.0,1.0421475302427126,2
1562,AM255,0,152031,152116,86,42.5,10.131583432662227,0.4869302677783462,16.5,11.0,1.6229730144869343,3
1563,AM255,0,152121,152168,48,23.5,5.127587443377677,0.23239448224728887,13.5,13.0,2.2693544012064857,3
1564,AM255,0,152179,152206,28,13.5,1.9736317967396744,1.1943326214162318,18.5,8.0,0.7080237031346569,2
1565,AM255,0,152232,152268,37,18.0,2.868248890122352,2.2622723260311632,21.0,15.0,0.9328566815010759,2
1566,AM255,0,152282,152454,173,86.0,18.39791727441809,3.2513453740210236,22.0,12.0,2.2158498022459177,5
1567,AM255,0,152456,152656,201,100.0,33.603717550910524,12.141989386076215,13.0,17.0,5.487936370943056,4
1568,AM255,0,152668,152693,26,12.5,5.5953046238908515,4.520095059600259,23.0,11.5,2.329561449978301,3
1569,AM255,0,152706,152786,81,40.0,10.801095908674583,3.4550174807118212,18.0,10.0,2.405527838588111,4
1570,AM255,0,152894,152937,44,21.5,6.503621757175824,0.4435745994740161,17.0,14.5,2.056145208486182,2
1571,AM255,0,152998,153027,30,14.5,3.8762512408243586,2.6588764520320107,21.5,12.0,0.8160201187641714,2
1572,AM255,0,153046,153071,26,13.5,4.412109239236631,1.425711792909178,21.5,11.0,1.6299041025503633,2
1573,AM255,0,153136,153180,45,22.0,5.415027355300827,1.942198309703144,19.5,17.5,1.7443350617696045,2
1574,AM255,0,153190,153216,27,14.0,2.430672785893934,0.8053359857655858,22.5,12.5,1.1855119543400168,2
1575,AM255,0,153230,153259,30,14.5,3.4869810825896543,1.3203942378805713,19.5,10.0,1.1240330131786342,2
1576,AM255,0,153322,153352,31,15.0,2.6279218201852603,1.8169527980458349,17.5,8.5,0.7629758567467949,2
1577,AM255,0,153373,153407,35,17.0,2.8497582010223197,1.31766295538158,19.0,12.0,0.9874743230037341,2
1578,AM255,0,153423,153449,27,13.0,2.6700696876174312,1.4964759455876755,20.0,9.0,1.1807665203413398,3
1579,AM255,0,153470,153501,32,15.5,3.9756055666427823,2.186951933616284,19.5,11.0,1.6587263991089776,3
1580,AM255,0,153560,153600,41,20.0,2.7324761780119062,1.335757392514224,17.5,13.5,1.1403208192161824,3
1581,AM255,0,153646,153701,56,27.5,11.340765935823564,9.554524174046923,13.0,16.5,3.8653464835220013,3
1582,AM255,0,153770,153836,67,33.0,15.339254718448535,13.6030158602118,3.0,12.0,5.551193763457097,3
1583,AM255,0,153897,153925,29,14.0,1.0919602980667198,0.141861700476509,18.5,8.5,0.5206325106703633,2
1584,AM255,0,153946,153985,40,19.5,5.863331565885801,0.8467389455652162,19.0,14.5,1.4315837088159273,2
1585,AM255,0,153998,154077,80,39.5,10.669196827060514,2.8670903308995292,21.0,12.5,1.9304415672271653,3
1586,AM255,0,154143,154170,28,13.5,2.729532960422699,1.332793105194638,21.5,11.0,0.6643543100034868,1
1587,AM255,0,154195,154268,74,36.5,8.151151890871743,0.4530312648349662,23.5,12.0,2.264666722521368,3
1588,AM255,0,154436,154472,37,18.0,5.530091784780322,0.4290636499733457,17.0,11.0,2.293678371122039,3
1589,AM255,0,154498,154567,70,35.5,9.636179363338071,2.205175619213986,0.0,11.5,2.507491120412028,3
1590,AM255,0,154686,154731,46,22.5,9.35835213752256,6.974587439473795,23.0,21.5,3.8498988595604904,2
1591,AM255,0,154732,154967,236,118.0,38.32933712553956,13.177126345523893,22.0,20.0,5.848631198084267,4
1592,AM255,1,155145,155170,26,17.0,3.4263627413433007,2.9501856138473195,18.0,11.0,0.9459690234674051,2
1593,AM255,1,155290,155315,26,12.5,6.011023767357193,0.9764296309150554,0.0,12.5,1.9611342567774408,2
1594,AM306,1,155559,155598,40,20.5,9.663568930651309,5.329267839977775,15.5,12.0,1.4792752605223476,1
1595,AM306,1,155703,155730,28,14.0,4.879153180614364,4.00358479109987,17.5,7.5,1.6381846791775603,2
1596,AM306,1,155847,155871,25,12.0,2.4319160216635267,1.2409906968010622,19.5,7.5,1.130711614386591,3
1597,AM306,1,155938,155985,48,23.5,5.7131102598057035,3.7732785297144873,17.0,16.5,1.7330050286685885,3
1598,AM306,1,156033,156062,30,17.0,4.741435551655231,0.5784914873833513,17.5,10.5,1.2652849322880344,3
1599,AM306,1,156755,156818,64,31.5,19.11547060309192,2.054932091038986,17.0,0.5,3.9154471162043585,4
1600,AM306,1,156853,156929,77,38.0,18.664309638238596,9.603972128409026,18.0,8.0,3.32883481693206,2
1601,AM306,1,156956,156980,25,12.0,6.4785389718224256,5.7676890410866415,21.5,9.5,1.6807354316263474,1
1602,AM306,1,156992,157021,30,14.5,11.731218359940025,9.754496703967773,17.0,7.5,3.4471293106165874,2
1603,AM306,0,157082,157129,48,23.5,7.449394671370791,0.15655186102836494,14.5,14.0,2.946378498045362,3
1604,AM306,0,157130,157169,40,19.5,7.055255406315989,2.6672195463711246,14.5,10.0,2.5528278730913683,3
1605,AM306,0,157219,157272,54,27.516666666666424,9.168569764323289,0.3522652757349627,12.0,15.516666666666667,1.7841541613008618,2
1606,AM306,0,157322,157362,41,20.0,6.10225939380553,0.7024637414644384,16.5,12.5,1.85759251875852,2
1607,AM306,0,157368,157400,33,16.0,2.586894341496645,1.3220580490323015,15.5,7.5,0.6315533806428246,1
1608,AM306,0,157418,157452,35,18.0,4.071568283830672,0.4151277442245419,16.5,10.5,1.6401590031980604,3
1609,AM306,0,157456,157499,44,21.5,12.418543332067834,0.9983677461705516,12.5,10.0,4.062385990751081,4
1610,AM306,0,157512,157541,30,16.5,3.340540096204978,0.9525341877811413,16.5,9.0,1.1627825331490784,3
1611,AM306,0,157561,157591,31,15.0,3.0194613467901643,0.6690951001211686,19.0,10.0,1.0709890503407336,3
1612,AM306,0,157624,157674,51,25.0,14.021160845861216,8.539264127588652,15.0,16.0,4.8951329650963284,3
1613,AM306,0,157683,157718,36,17.5,7.15683951012359,0.4917237561670457,20.5,14.0,1.5213303298805052,4
1614,AM306,0,157769,157800,32,15.5,3.8338211363023174,2.2088000688462626,15.5,7.0,1.6876945845791964,2
1615,AM306,0,157831,157856,26,12.5,6.028472185436045,4.26807688033621,22.5,11.0,1.9191411890386618,2
1616,AM306,0,157915,157948,34,17.483333333333576,3.8124440933942028,1.0286495661023976,17.516666666666666,11.0,1.779827591801243,3
1617,AM306,0,157958,158012,55,28.0,11.206866756621109,1.078084015266668,16.0,20.0,2.581881177243114,3
1618,AM306,0,158036,158089,54,26.5,20.293582290842693,10.769999115740259,9.5,12.0,3.5414760459780745,1
1619,AM306,0,158146,158173,28,13.5,8.968186199970905,7.1386085894411675,21.5,11.0,2.1082943019524714,2
1620,AM306,0,158976,159024,49,26.0,14.90766930303123,1.0124531107932178,16.5,18.5,3.7865329588344445,3
1621,AM306,0,159032,159070,39,18.983333333333576,4.926507473953967,0.6505539471938641,23.516666666666666,18.5,1.0360667209608974,2
1622,AM306,0,159071,159109,39,20.0,6.098191843274654,0.5162878575973608,19.0,15.0,0.8913569946959723,1
1623,AM306,0,159236,159289,54,26.5,9.25231451347877,0.3174940254697781,17.0,19.5,2.3876453752606785,3
1624,AM306,0,159294,159370,77,38.0,15.405609223771037,0.9141090900392397,22.0,12.0,4.392486664552628,3
1625,AM306,0,159566,159646,81,41.5,20.97404308141714,13.70768473036281,17.0,10.5,5.188973235630227,4
1626,AM306,0,159721,159794,74,36.5,17.63447935541217,0.6695895113652078,1.5,14.0,4.367983188816054,4
1627,AM306,0,159968,159999,32,15.5,5.1640733764820554,2.1916564253846933,0.5,16.0,1.351439192273096,2
1628,AM306,0,160007,160049,43,21.0,9.544783203656827,2.4877610040400717,20.0,17.0,3.066090990407484,3
1629,AM306,0,160050,160134,85,42.0,13.399410435822356,0.40356442778603147,17.5,11.5,3.5061028275631787,4
1630,AM306,0,160205,160229,25,12.0,4.646551175157226,3.623334379839946,23.0,11.0,0.8307415025421032,1
1631,AM306,0,160232,160320,89,44.0,13.637932929052234,1.4372889260189559,12.5,8.5,3.511447000256838,5
1632,AM306,0,160333,160423,91,45.016666666666424,15.147946833764093,0.8927078966389469,15.0,12.016666666666667,2.3823439312038013,3
1633,AM306,0,160425,160471,47,23.0,5.577635911457549,2.9304484760344316,13.0,12.0,1.6382200661946364,2
1634,AM306,0,160526,160619,94,46.5,19.065703453705694,0.5709086296119531,16.5,15.0,4.510195581870389,4
1635,AM306,0,160622,160669,48,23.5,7.285707461268153,1.9956227082808786,16.5,16.0,2.2407041504634613,2
1636,AM306,0,160673,160707,35,17.016666666666424,6.158267460262245,1.0702373811243515,18.0,11.016666666666667,1.7411034842714022,2
1637,AM306,0,160716,160748,33,16.5,3.7001277754146207,1.6108055724099422,15.5,8.0,1.248078069527738,2
1638,AM306,0,160771,160851,81,41.0,14.702564123537284,2.562598374594286,19.5,12.5,4.260662801424403,4
1639,AM306,0,160866,160945,80,40.5,16.118888691241356,2.0736051157034514,20.0,12.5,4.102326858519783,3
1640,AM306,0,160952,161046,95,48.0,18.89570188102281,1.2116066232850016,16.0,16.0,4.470923745620545,3
1641,AM306,0,161099,161125,27,14.0,2.9925133667320085,2.2863875285449624,18.5,8.5,1.1644442695559296,2
1642,AM306,0,161194,161238,45,22.0,6.083500657578811,0.7771282809145722,19.0,17.0,1.1086872483968484,2
1643,AM306,0,161337,161378,42,20.5,8.02693363016043,1.4428894726437016,19.5,16.0,2.014170194845404,2
1644,AM306,0,161426,161461,36,17.5,9.913278145491045,8.31158484455385,16.0,9.5,4.177947131354728,1
1645,AM306,0,161513,161572,60,29.5,11.297789857576747,1.1809623416513775,13.5,19.0,3.725922439984381,3
1646,AM306,0,161575,161600,26,12.5,1.97398677141437,1.2041042101691568,20.5,9.0,0.8012313130958705,2
1647,AM306,0,161616,161644,29,15.0,3.014102377252728,1.7923366911307705,17.0,8.0,0.7918639767583836,2
1648,AM306,0,161670,161698,29,14.0,4.754386091300642,4.102940269873443,21.5,11.5,1.2856231222730738,2
1649,AM306,0,161725,161752,28,13.5,3.3473639929753776,0.43843233860193276,1.0,14.5,1.1690567044662439,2
1650,AM306,0,161771,161805,35,18.0,5.6770860153338205,2.182909628793595,0.0,18.0,1.8109269645991077,2
1651,AM306,0,161850,161879,30,15.5,5.761910390857429,2.461481155691676,23.5,15.0,2.102576806387748,2
1652,AM306,0,161989,162025,37,18.0,6.158654904657977,1.8153759038712418,23.5,17.5,1.7246622537978384,4
1653,AM306,0,162077,162122,46,22.5,4.4243858221179835,0.9370555804582417,20.5,19.0,0.5765161688081378,2
1654,AM306,0,162219,162254,36,18.5,4.0966946519909655,1.205702306924288,21.0,15.5,0.7313560314392005,2
1655,AM306,0,162261,162288,28,14.0,2.288397338256087,0.44651177357521876,19.0,9.0,0.6943633727161902,1
1656,AM306,0,162367,162395,29,14.0,3.7512390836024387,0.26507114889552025,0.5,14.5,0.7163481626573298,1
1657,AM306,0,162405,162431,27,13.0,1.4762995675527872,0.4629558388260324,20.0,9.0,0.5775932574933679,2
1658,AM306,0,162448,162483,36,18.5,3.0402567639985945,1.4628075326644305,17.5,12.0,1.081157977505262,2
1659,AM306,0,162641,162669,29,16.0,3.4011057270163496,0.41908848055620845,20.0,12.0,1.3285927364607852,2
1660,AM306,0,162770,162803,34,17.5,6.649042970602977,4.498974535296695,16.0,9.5,2.273315856065316,3
1661,AM306,0,162828,162859,32,15.5,5.788132398553137,0.5028600417217738,22.0,13.5,2.394230658678451,3
1662,AM306,0,162861,162947,87,43.0,17.00048140021362,0.17770325214237984,14.5,9.5,3.641266089213147,3
1663,AM306,0,162955,162986,32,17.0,2.2499046328731716,1.2715922204943098,13.5,6.5,0.6860755654666665,2
1664,AM306,0,163015,163042,28,13.516666666666424,1.903980536256149,0.8001847028306108,21.0,10.516666666666667,0.6964514160901233,2
1665,AM306,0,163248,163274,27,13.0,4.5018575392299685,3.5287664278368407,20.5,9.5,1.341477403273044,2
1666,AM306,0,163294,163323,30,16.5,6.168358088181509,4.632999192300149,19.5,12.0,2.0235508732405454,3
1667,AM306,0,163423,163465,43,21.0,5.669969152416367,4.4222382004966025,0.5,21.5,1.5325862696089692,2
1668,AM306,0,163548,163584,37,19.5,14.138942571127647,0.331317121227022,1.0,20.5,4.783809240188716,3
1669,AM306,0,163588,163625,38,19.5,6.956369650002153,3.795929944792718,22.5,18.0,1.833509549343441,2
1670,AM306,0,163643,163691,49,24.0,5.651758765288529,0.23601603820028993,3.0,3.0,1.4557409981623628,2
1671,AM306,0,163692,163719,28,13.5,4.89683211605645,0.5884575698185872,3.5,17.0,1.1692383248404303,1
1672,AM306,0,163721,163773,53,26.0,8.32528074583841,0.2091456743612043,18.0,20.0,3.103515576891413,3
1673,AM306,0,163774,163800,27,13.0,2.6941288883953503,2.1374043110420184,20.5,9.5,1.3808892189433153,3
1674,AM306,1,164163,164209,47,23.0,7.955342429004316,6.924716610542186,21.0,20.0,2.113727838561846,3
1675,AM306,1,164540,164614,75,40.0,10.803643154591173,0.6890411667646783,20.5,12.5,3.251160407623485,3
1676,AM306,1,164624,164670,47,27.5,5.794677858190326,0.9148668380607852,17.5,21.0,2.092052700946614,4
1677,AM306,1,164753,164797,45,22.0,5.104208009455104,3.173164616844642,16.0,14.0,1.1951706239071325,4
1678,AM306,1,164802,164833,32,15.5,2.6902508457623706,0.7699547406725277,16.5,8.0,1.1541068601509685,3
1679,AM306,1,164934,164986,53,26.0,9.53783580598475,2.6873772595120546,17.0,19.0,1.5486532123103909,2
1680,AM306,1,165025,165057,33,17.5,8.176232843716257,1.2456168265574372,16.5,10.0,2.224153727050748,2
1681,AM306,1,165105,165150,46,22.5,6.2842945340892955,0.2403169945408722,10.0,8.5,2.03589245521026,2
1682,AM306,1,165168,165204,37,18.5,6.552358401369658,1.163153692278907,17.5,12.0,2.0937033573506527,3
1683,AM307,1,165683,165708,26,12.5,3.768661923498543,2.4855936610962677,6.5,19.0,0.9943079868943347,2
1684,AM307,1,165757,165796,40,20.5,4.400005684481967,1.333712355408265,22.0,18.5,1.1279052337290898,2
1685,AM307,1,166730,166819,90,44.5,14.282787709044852,2.6946607322274407,16.5,13.0,3.8524411737571653,4
1686,AM307,1,166833,166886,54,26.5,8.067393469486415,0.23595392241967036,20.0,22.5,1.7585055843750605,2
1687,AM307,1,167033,167063,31,15.0,3.2515425140032392,0.9438624469028739,0.0,15.0,1.380114026239977,2
1688,AM307,1,167095,167127,33,16.0,5.672104109616446,0.22099719254174274,7.0,23.0,1.7622099904068522,2
1689,AM307,1,167141,167165,25,12.0,6.154367100219711,1.2661661640176058,6.0,18.0,2.4694033442668446,3
1690,AM307,1,167167,167191,25,12.0,3.1778213275014413,2.519234127489928,19.0,7.0,0.5558134212056023,2
1691,AM307,1,167223,167257,35,17.0,3.2162081353903815,1.0284431755315904,23.0,16.0,0.9397673965653436,2
1692,AM307,0,167272,167304,33,16.0,6.30191430810642,1.4818867024780513,23.5,15.5,2.601146189718054,2
1693,AM307,0,167322,167357,36,17.5,5.454736892838811,0.3244951735853383,0.5,18.0,2.5469597289088854,3
1694,AM307,0,167379,167409,31,15.0,7.887024723561063,1.7497164563868524,5.0,20.0,3.2938850025051107,3
1695,AM307,0,167455,167522,68,34.5,8.567692768560903,1.8793369283643702,3.0,13.5,3.536893486808326,3
1696,AM307,0,167545,167589,45,22.0,9.126742802223948,4.33919657532913,1.0,23.0,3.855306091633272,3
1697,AM307,0,167645,167716,72,35.5,10.539503253655546,1.807541166606442,4.5,16.0,2.3570127282667572,4
1698,AM307,0,167737,167771,35,17.0,8.166807087179423,2.3337007349827643,2.5,19.5,3.261425447733168,4
1699,AM307,0,167773,167822,50,24.5,12.041648637770583,4.48148597119968,20.5,21.0,3.3528732345302865,3
1700,AM307,0,167830,167871,42,20.5,6.507393540049088,0.44230624847952965,1.0,21.5,3.1742076873353495,2
1701,AM307,0,167874,167919,46,22.5,6.3094052090748525,0.8771964408119508,23.0,21.5,2.8195783657837565,2
1702,AM307,0,167922,167959,38,18.5,6.081053605032362,0.8368756344730258,23.0,17.5,2.5802469403962993,3
1703,AM307,0,167963,168022,60,29.5,8.058873286677155,0.29278416219847697,19.5,1.0,2.044423767304146,3
1704,AM307,0,168024,168077,54,26.5,7.6135797136888295,0.48242700481316225,2.0,4.5,3.289529011936607,4
1705,AM307,0,168079,168108,30,14.5,2.6830882955782593,1.1765239435395722,5.5,20.0,1.731791268336388,2
1706,AM307,0,168112,168153,42,20.5,4.784091979783262,0.33545067887746516,22.0,18.5,2.22463374434996,4
1707,AM307,0,168156,168199,44,22.5,7.396098713268763,3.6078295147670025,20.0,18.5,1.8847701249601276,3
1708,AM307,0,168201,168243,43,24.5,6.08328836976564,3.583125017526204,19.5,20.0,1.806620778864878,2
1709,AM307,0,168248,168299,52,25.5,9.350987545532771,5.283851531880798,22.5,0.0,3.8226364453172383,3
1710,AM307,0,168312,168340,29,14.0,4.078336834895363,2.9039281266421515,6.5,20.5,1.2451529640622503,3
1711,AM307,0,168366,168398,33,16.0,3.785100127640486,1.0002659340839497,9.5,1.5,1.395774424719821,2
1712,AM307,0,168400,168445,46,22.5,9.362558083637886,0.48883560605564946,2.5,1.0,4.255713910916318,3
1713,AM307,0,168459,168483,25,12.0,4.881682756264013,3.853882503982425,8.0,20.0,1.7219208400443025,2
1714,AM307,0,168485,168622,138,69.5,29.265015235254964,5.304426688823438,21.0,18.5,6.85972780568655,5
1715,AM307,0,168636,168671,36,17.5,5.305084947384105,3.3118026867604216,1.5,19.0,1.9151952383785478,3
1716,AM307,0,168673,168699,27,13.0,4.167748532083836,3.1306406566448186,20.0,9.0,1.6241790228112316,3
1717,AM307,0,168713,168760,48,23.5,6.542688225194927,0.23700946980775714,16.0,15.5,0.9347748369013377,2
1718,AM307,0,168816,168866,51,25.0,7.415766983825134,1.1074687366136127,20.5,21.5,3.2213191167943505,2
1719,AM307,0,168872,168907,36,19.0,8.468385694197291,1.6195171158816115,0.5,19.5,3.2706663755198773,4
1720,AM307,0,168908,168953,46,22.5,7.813714757634249,4.5473183515187605,20.0,18.5,1.847415927223351,2
1721,AM307,0,168954,169048,95,47.0,12.392990889952241,4.117303690999352,19.0,18.0,3.4396862100479795,3
1722,AM307,0,169144,169194,51,25.0,6.797209631807919,3.2562792489675476,18.0,19.0,1.7279259054990201,2
1723,AM307,0,169195,169297,103,51.0,16.017947454678954,7.185444213530634,19.5,22.5,3.766664606227588,5
1724,AM307,0,169300,169349,50,24.5,9.206450297840457,0.5833649525369068,0.0,0.5,2.5605500968925896,2
1725,AM307,0,169351,169406,56,27.5,7.346664221197758,4.763774439506136,1.5,5.0,1.4884870494343423,4
1726,AM307,0,169488,169553,66,33.5,8.614513100666517,3.6447650187780933,22.0,7.5,1.938260096122073,3
1727,AM307,0,169593,169620,28,13.5,3.858655618244166,1.9729634619123426,3.5,17.0,0.8918998787177594,2
1728,AM307,0,169623,169679,57,28.0,7.910393362472594,2.9334708069516955,18.5,22.5,3.5912278562402142,4
1729,AM307,0,169681,169719,39,19.0,4.311709084119662,1.7811811901712826,23.5,18.5,1.6336837101008796,2
1730,AM307,0,169723,169762,40,19.5,5.077261036403929,0.5232591887533821,20.5,16.0,1.3084261900367562,3
1731,AM307,0,169766,169809,44,23.0,4.795173270247086,0.25375876404316267,18.0,17.0,1.2517725639917214,2
1732,AM307,0,169953,169993,41,20.0,5.572288723542777,0.7552296517396221,19.5,15.5,1.487128003818102,5
1733,AM307,0,170022,170051,30,14.5,4.373974563280803,1.941447959680136,7.5,22.0,1.6603745194853174,2
1734,AM307,0,170055,170092,38,18.5,5.601725932661911,4.162219450365051,0.0,18.5,1.8091642411384645,3
1735,AM307,0,170093,170146,54,26.5,6.66529125019556,3.675330772069237,19.0,21.5,1.7957931888726424,5
1736,AM307,0,170153,170195,43,21.0,3.933677555125918,2.097399255086591,1.0,22.0,1.3988564315195084,2
1737,AM307,0,170235,170301,67,33.0,8.50275065343834,6.116711864557701,18.0,3.0,1.7529849198351801,2
1738,AM307,0,170302,170343,42,20.5,5.379783777253335,3.808036033668863,3.5,0.0,1.8325010975284255,3
1739,AM307,0,170345,170384,40,19.5,4.3902314875208965,0.7766380788158737,1.0,20.5,1.7835427380463227,3
1740,AM307,0,170387,170445,59,29.0,8.748421304311355,1.497887642668485,22.0,3.0,3.842335979998386,3
1741,AM307,0,170449,170485,37,18.0,7.114197982134183,0.6018707189626384,5.0,23.0,3.0773747310791384,3
1742,AM307,0,170596,170620,25,12.0,4.312005829095356,3.268964302957124,6.5,18.5,1.7007499400432942,3
1743,AM307,0,170621,170668,48,23.5,8.829149313532959,0.8350853002692483,19.0,18.5,2.7890954266399284,3
1744,AM307,0,170670,170698,29,14.5,3.377757638507666,2.9861321443320703,19.5,10.0,1.572185195891378,3
1745,AM307,0,170714,170748,35,17.0,4.141687383923182,2.9350086015958126,18.0,11.0,1.6947935919791377,2
1746,AM307,0,170750,170776,27,13.0,3.913592987188917,3.341735704099139,12.0,1.0,1.8051872940435234,3
1747,AM307,0,170809,170853,45,22.0,5.686112313143371,2.9814095212554776,20.0,18.0,2.1866281886172882,3
1748,AM307,0,170854,170950,97,48.0,14.177774555984259,7.266965514728079,18.5,18.5,3.7653734621259796,3
1749,AM307,0,171002,171053,52,25.5,7.555390958632459,6.840434525022505,20.5,22.0,1.806454752228417,2
1750,AM307,0,171055,171097,43,21.0,4.987741015107953,0.6856821342059628,23.0,20.0,2.1357999446699414,3
1751,AM307,0,171098,171254,157,79.0,24.453846463140742,4.206127667312977,20.5,3.5,5.532863944331596,4
1752,AM307,0,171283,171346,64,31.5,9.284696366695062,7.283833115327812,18.5,2.0,2.1096331703092956,3
1753,AM307,0,171347,171425,79,40.0,7.411566446874196,0.4739548779147235,2.5,18.5,2.1004973228637205,3
1754,AM307,0,171471,171499,29,14.0,5.009248020830129,4.180430133470342,19.0,9.0,1.8152986480944935,2
1755,AM307,0,171654,171781,128,63.5,40.85492544697923,5.049172969667273,15.5,7.0,5.977554886961844,5
1756,AM307,0,171808,171900,93,46.0,11.718418663064694,0.938977718965586,20.5,18.5,3.651562074636537,4
1757,AM307,0,171995,172048,54,26.5,5.596543005154306,0.9220790383624787,20.0,22.5,0.9261005513102476,1
1758,AM307,0,172052,172108,57,28.0,3.5893007651181787,0.6305143523232443,0.5,4.5,0.9300365546814642,2
1759,AM307,0,172150,172179,30,14.5,2.714161953827807,0.12334906957894921,1.5,16.0,0.6421074140549605,2
1760,AM307,0,172189,172277,89,45.0,10.175588657691518,0.42445969538335876,21.0,18.0,2.531619974133732,3
1761,AM307,0,172280,172329,50,25.0,4.63665431685294,0.4374409646127297,19.5,20.5,1.317483472879,2
1762,AM307,0,172424,172469,46,22.5,4.933625847688669,0.8667387639313235,22.5,21.0,1.3788948328480124,2
1763,AM307,0,172490,172542,53,27.0,2.4260818655213643,1.1613420045700258,7.5,10.5,0.7726236479256621,2
1764,AM307,0,172564,172633,70,34.5,6.296281754221836,4.781996589637676,21.5,8.0,1.3968431727885695,2
1765,AM307,0,172790,172851,62,30.5,8.666245632153538,6.732107976256839,14.5,21.0,1.5521700797134783,2
1766,AM307,0,172874,172936,63,31.0,4.597699281467977,0.3203061073670636,8.5,15.5,0.7654118220925814,4
1767,AM307,0,172944,173026,83,46.5,9.606423659545358,1.3889090626189233,19.5,18.0,1.1688127852792274,2
1768,AM307,0,173051,173123,73,36.0,7.084049582664048,5.144441578853917,6.5,18.5,2.159353318337409,3
1769,AM307,0,173125,173227,103,51.5,11.016120854693071,0.21003870589192083,19.5,23.0,2.322548989940908,5
1770,AM307,0,173229,173313,85,42.0,10.348887638092293,7.580934750266512,0.0,18.0,1.6556432129573624,1
1771,AM307,0,173374,173452,79,41.516666666666424,8.6273566317395,1.0841540764181494,0.5,18.016666666666666,1.5032152986512295,2
1772,AM307,0,173458,173549,92,45.5,11.61996735328392,0.6245918431368773,21.0,18.5,3.9011583617577474,5
1773,AM307,0,173555,173607,53,27.0,4.76114940322193,0.4536918520844955,21.5,0.5,0.7911798774172629,2
1774,AM307,0,173610,173656,47,23.0,5.207701041626498,0.668171799168218,2.0,1.0,1.1308327831836211,2
1775,AM307,0,173702,173787,86,43.5,7.037920181112265,0.4027894316635369,0.0,19.5,2.0079552054660166,3
1776,AM307,0,173791,173841,51,26.0,5.1976110838438,0.2472697522292167,21.5,23.5,1.8844500523910732,3
1777,AM307,0,173888,173936,49,24.0,5.696404396288958,1.7423100617815919,0.0,0.0,1.4715022670150237,2
1778,AM307,0,174020,174069,50,24.5,7.300131050256315,1.0452761813853146,21.5,22.0,1.202861422633809,2
1779,AM307,0,174076,174140,65,38.5,10.574434056712898,1.3063918593729018,1.5,16.0,3.4620025727461536,4
1780,AM307,0,174312,174336,25,12.016666666666424,2.239249598269611,1.7220823863273313,8.0,20.016666666666666,0.5429848959495612,1
1781,AM307,0,174388,174422,35,17.0,2.1597102618739417,0.46797768397332623,22.0,15.0,0.72618775678953,2
1782,AM307,0,174447,174523,77,39.5,7.710265500974607,0.6335028463724273,3.5,19.0,3.0599721391294246,4
1783,AM307,0,174526,174615,90,47.0,12.854252693438507,1.202623627372494,20.5,19.5,4.353870184684034,4
1784,AM307,0,174777,174834,58,28.483333333333576,6.3695503382827,0.48304762119252465,20.516666666666666,1.0,2.004072002998278,3
1785,AM307,0,174836,174867,32,15.5,2.3095293842033495,0.49721915816960716,2.0,17.5,1.0353050339432115,2
1786,AM307,0,174870,174913,44,21.5,2.702311913207136,0.8914243426879689,19.0,16.5,0.6394253090210974,2
1787,AM307,0,174972,175125,154,76.5,25.481688621557,8.445317280319008,20.0,0.5,6.980552943970741,5
1788,AM307,0,175127,175162,36,17.5,3.232009477943526,0.7609801740637242,1.5,19.0,1.1243006634941901,2
1789,AM307,0,175218,175255,38,18.5,2.8728744706136022,0.7154239083024957,23.0,17.5,1.158047898077905,2
1790,AM307,1,175305,175349,45,22.0,4.2414521600652595,0.5293116184323446,18.5,16.5,1.670798192185697,3
1791,AM307,1,175636,175668,33,16.0,3.170721064776888,1.4726438587196629,19.0,11.0,0.7792260450699223,2
1792,AM307,1,175686,175899,214,112.0,22.98858926319205,2.2385743354898855,20.0,12.0,3.8192179467000007,5
1793,AM307,1,175906,175989,84,41.5,9.217019635083016,0.8465708961829637,15.5,9.0,2.8394040870242696,3
1794,AM307,1,176051,176117,67,33.0,13.44064327276078,1.2976407140644168,16.0,1.0,4.122718585140994,4
1795,AM307,1,176120,176200,81,40.983333333333576,6.647484247303309,0.5816967435903221,2.5166666666666666,19.5,2.047323236171221,3
1796,AM307,1,176388,176418,31,15.0,3.6281238832570146,2.275628545131785,20.5,11.5,1.267977290833516,3
1797,AM307,1,176440,176465,26,14.0,2.2471527051048636,1.1591018925772552,0.0,14.0,0.5391698079766404,1
1798,AM307,1,176487,176557,71,38.5,9.670561809900807,3.6150349116175606,1.0,15.5,2.7663886887511593,2
1799,AM307,1,176560,176598,39,24.0,4.031336247144598,0.6071598135445783,17.0,17.0,1.1785308137009758,3
1800,AM307,1,176609,176633,25,12.0,1.5284478884523505,0.8441533413119882,22.5,10.5,0.6691623930222163,2
1801,AM307,1,177646,177709,64,31.516666666666424,11.578608343810378,4.536525491114269,16.5,0.016666666666666666,2.7691264520722823,5
1802,AM307,1,177771,177829,59,29.450000000000728,12.24803527896833,5.405384067738834,12.55,18.0,2.4019100884607965,4
1803,AM307,1,177851,177875,25,12.016666666666424,6.1167756214821924,1.9059396199717198,5.0,17.016666666666666,1.7694104524401004,2
1804,AM307,1,177973,178010,38,19.53333333333285,8.3354634175843,3.344386359639771,22.016666666666666,17.55,1.6147668164212108,1
1805,AM307,1,178029,178054,26,12.5,4.708969228014228,2.157504449876558,5.5,18.0,1.4662650838374636,3
1806,AM307,1,178110,178134,25,12.016666666666424,4.776605159993465,1.6764562025681302,5.016666666666667,17.033333333333335,1.1891691491013627,2
1807,AM307,1,178147,178185,39,20.0,8.778574190744818,1.8684931209724749,23.5,19.5,1.5467910964840157,2
1808,AM307,1,178194,178232,39,19.0,12.049974266609693,6.935505762200422,0.0,19.0,3.2949934619222807,2
1809,AM307,1,178244,178269,26,16.5,5.732991346145012,3.341808763738939,1.0,17.5,2.0426727691520994,2
1810,AM307,1,178286,178314,29,14.0,3.654410772403077,1.0948275677088737,5.016666666666667,19.016666666666666,0.7367469394181687,2
1811,AM307,1,178320,178345,26,14.516666666666424,2.8533998806599032,0.5402777934938316,22.0,12.516666666666667,0.9088621730828236,2
1812,AM307,1,178544,178588,45,22.0,7.453479034736777,4.187372348026564,1.5,23.5,1.350262397723717,2
1813,AM307,1,178740,178769,30,14.5,7.798403373289636,3.5431855415659723,19.0,9.5,1.3332863938180997,1
1814,AM307,1,178857,178936,80,39.5,23.85649811683262,12.100177765576182,5.5,21.0,2.840943439591391,4
1815,AM307,1,179109,179143,35,17.0,12.5132029634238,1.824193826526638,5.5,22.5,2.6586084521484366,3
1816,AM307,1,179158,179246,89,44.0,32.508590806436345,18.47680431517498,6.0,2.0,5.097597364824418,2
1817,AM307,1,179248,179275,28,14.0,5.835515559459293,3.8161213673391057,3.0,17.0,1.6534516459820625,2
1818,AM307,1,179318,179356,39,19.0,9.251405833050676,3.036158380119964,14.5,9.5,2.7552096536617,2
1819,AM307,1,179522,179555,34,16.5,10.226290119829807,2.5452699478626264,20.5,13.0,2.524377387576529,2
1820,AM307,1,179559,179592,34,16.5,4.733109125750549,0.8749840225467637,15.0,7.5,1.5430890287035204,2
1821,AM307,1,179593,179723,131,65.0,26.726351649375463,0.7612692481815427,8.0,1.0,4.332247405424695,5
1822,AM307,1,179754,179779,26,12.5,10.301304849132372,9.048944696108387,16.5,5.0,2.645554680141599,2
1823,AM307,1,179853,179878,26,12.5,3.52957971804271,0.6803821070323369,18.0,6.5,0.9764676581827925,1
1824,AM307,1,179901,179939,39,19.0,4.822377922779031,0.43753449666556476,18.0,13.0,0.5551047581625237,2
1825,AM307,1,179972,179997,26,12.5,6.3249294930668,2.7800406567466105,5.5,18.0,1.0723354767278466,1
1826,AM307,1,180130,180166,37,18.0,11.09403717896091,6.557459456834765,12.5,6.5,1.2567817450050052,1
1827,AM307,1,180452,180488,37,19.516666666666424,14.571217153875711,11.362191297056007,16.0,11.516666666666667,2.1505541723280377,2
1828,AM307,1,180652,180684,33,16.0,19.971719721487275,15.595781822916098,1.5,17.5,2.878984009872453,2
1829,AM307,1,181457,181487,31,15.0,4.812452130720935,2.2978222181277883,0.5,15.5,1.9982620465057264,3
1830,AM307,1,181547,181576,30,14.5,3.01057497229863,0.8160101937106851,21.5,12.0,1.2061357554274235,2
1831,AM307,1,181775,181835,61,30.0,18.21686631282628,13.920662296228446,16.0,22.0,2.367647051274577,2
1832,AM307,1,181882,181914,33,17.5,5.652012021391579,2.674839225670051,21.5,15.0,1.2402349699225244,2
1833,AM307,0,182021,182062,42,21.5,13.918896409415497,12.731492588089594,20.5,18.0,4.848652984744259,2
1834,AM307,0,182071,182106,36,17.5,3.5576765579682617,2.1746605530503405,22.5,16.0,1.1973239105851528,2
1835,AM307,0,182163,182194,32,15.483333333333576,4.560943856362479,3.0302824810215316,20.516666666666666,12.0,1.1266035067200675,2
1836,AM307,0,182210,182250,41,20.0,5.472641601541675,2.5942261085049183,20.0,16.0,2.0850241117836608,2
1837,AM307,0,182253,182295,43,25.5,7.321944557873053,2.4875769706066553,17.5,19.0,2.1101063162261657,2
1838,AM307,0,182445,182573,129,65.5,20.099707413109616,9.892596298465309,2.5,20.0,2.990941653085608,4
1839,AM307,0,182577,182608,32,17.0,4.383144960666693,1.7071677248775758,22.0,15.0,1.5272857060668883,3
1840,AM307,0,182623,182651,29,21.0,5.466373998633164,1.1122027138491912,22.5,19.5,1.9883400922674628,2
1841,AM307,0,182662,182694,33,16.0,8.593174685414315,3.4125606654763025,1.0,17.0,3.0314709839333163,2
1842,AM307,0,182899,182951,53,29.0,10.216614278784892,0.33488838050341924,16.0,21.0,3.793559890641405,4
1843,AM307,0,183040,183091,52,25.5,8.726218192801088,4.381293297152954,18.5,20.0,1.829173826577856,2
1844,AM307,0,183158,183223,66,32.5,9.133155318980682,3.2504279051434715,6.5,15.0,1.8332878852682013,3
1845,AM307,0,183412,183442,31,16.5,5.603318215603755,3.8110964668118124,23.0,15.5,1.8642119951664733,2
1846,AM307,0,183539,183577,39,19.0,4.104694975028913,2.169837820512588,16.0,11.0,1.3857147843370121,2
1847,AM307,0,183591,183649,59,31.0,10.456702280679327,3.1747157344378873,18.0,1.0,2.5473609970550712,4
1848,AM307,0,183688,183722,35,17.0,2.9594158683617633,1.7114921126280667,20.5,13.5,0.980070080366248,4
1849,AM307,0,183786,183819,34,16.5,2.476482631288266,0.7237360562007638,21.5,14.0,1.2105574142546682,2
1850,AM307,0,183827,183855,29,14.0,2.074975211844634,0.9603741624894426,18.0,8.0,0.6600718866040926,2
1851,AM307,0,183876,183940,65,32.0,6.192764772326971,2.129886585093046,18.5,2.5,1.61225242803535,2
1852,AM307,0,183974,184060,87,43.5,9.761429205773904,1.7957629998681452,19.5,15.0,2.1981623183140337,4
1853,AM307,0,184117,184180,64,31.5,4.973713142467168,0.389240768511212,19.5,3.0,1.6105480163301082,3
1854,AM307,0,184207,184243,37,18.0,3.4750118749275862,0.25955020954479613,16.5,10.5,0.6548817251793998,1
1855,AM307,0,184311,184342,32,15.5,2.129733068934617,0.6745870681305159,17.0,8.5,0.7886226071711249,2
1856,AM307,0,184360,184411,52,27.0,6.617359226330746,0.49673176238692973,17.5,20.5,2.1171658737472527,2
1857,AM307,0,184414,184442,29,14.0,2.4424762254699495,1.7079685931923863,22.0,12.0,0.7868269067778182,3
1858,AM307,0,184450,184513,64,31.5,7.015823580129964,5.175115460295475,16.0,23.5,1.449890637940629,3
1859,AM307,0,184553,184603,51,25.0,5.224239520351688,1.1367497902342958,19.5,20.5,1.204144314008975,2
1860,AM307,0,184607,184658,52,25.5,5.578163531817092,1.1410077896258213,22.5,0.0,1.09734461123436,2
1861,AM307,0,184661,184744,84,41.5,8.66245157175302,4.631239533024704,1.5,19.0,1.895764166072951,2
1862,AM307,0,184749,184781,33,16.0,2.4775397892948865,1.2027824946047914,21.5,13.5,1.043538029805119,2
1863,AM307,0,184793,184855,63,31.5,5.866373535531331,1.168401825746816,19.5,3.0,1.7057045670495967,3
1864,AM307,0,184949,185004,56,27.5,7.204315752573347,2.146047438401923,19.0,22.5,2.194388759589119,3
1865,AM307,0,185038,185092,55,28.0,4.53732165249198,0.30279060169865346,17.0,21.0,1.0886217008997556,3
1866,AM307,0,185095,185145,51,25.5,4.890145259249156,0.3710870038606825,22.5,0.0,1.0524415361146535,3
1867,AM308,1,186009,186044,36,17.5,6.820166515223843,4.889735838383286,19.0,12.5,1.4096510265716038,3
1868,AM308,1,186046,186092,47,23.0,5.445555081298036,1.9845949918095487,13.5,12.5,1.2658880868146394,2
1869,AM308,1,186112,186247,136,68.5,28.521636489167683,13.962927896803796,22.5,19.0,3.6735117763700247,4
1870,AM308,1,186277,186318,42,20.5,8.738515001841137,1.4730003326889431,11.0,7.5,1.5008169955669364,2
1871,AM308,1,186385,186430,46,22.5,5.789458530485087,1.727858154869031,18.0,16.5,1.1409441035771595,4
1872,AM308,1,186462,186503,42,20.5,14.036750120891048,4.919585756849773,8.5,5.0,3.5511407137818125,3
1873,AM308,1,186504,186531,28,13.5,6.338328152667509,1.6626978590431707,5.5,19.0,1.741042776151541,1
1874,AM308,1,186532,186598,67,34.0,16.620080675084544,0.3385348888345344,19.5,5.5,6.023073640525603,2
1875,AM308,0,186599,186623,25,12.0,9.288588331297804,1.3359517975206814,6.0,18.0,2.0126593964980675,1
1876,AM308,0,186624,186663,40,19.5,7.153693785352082,0.558749470537836,18.5,14.0,3.151545149097576,3
1877,AM308,0,186664,186704,41,19.983333333333576,8.52869351746801,2.7108913507114667,14.516666666666667,10.5,2.3216524164294383,2
1878,AM308,0,186767,186794,28,18.5,9.49552681564109,0.6766182043837949,20.0,14.5,2.5387670167069896,2
1879,AM308,0,186795,186819,25,12.0,8.103029626530201,2.1608446184881362,15.0,3.0,1.5105422572328175,2
1880,AM308,0,186952,186978,27,13.0,3.0969283306007984,2.6415916817410476,19.0,8.0,1.3165003324060858,2
1881,AM308,0,186994,187081,88,44.5,13.251574579870475,2.036246458426049,16.0,12.5,3.2454582457124896,5
1882,AM308,0,187082,187136,55,27.016666666666424,11.922236855419497,0.7361242303094997,13.0,16.016666666666666,4.925732816386077,3
1883,AM308,0,187138,187170,33,16.516666666666424,4.771559753011572,0.5567241876154906,17.0,9.516666666666667,1.9385456530250353,3
1884,AM308,0,187194,187242,49,24.0,9.510899193103235,0.3871464605373289,21.5,21.5,4.075285475114404,4
1885,AM308,0,187244,187421,178,89.0,33.347548217664844,14.784070997549977,22.5,15.5,6.192548340864988,5
1886,AM308,0,187422,187524,103,51.0,21.60895752093857,6.1386795011116275,16.0,19.0,3.982863556698968,5
1887,AM308,0,187529,187559,31,15.0,4.320762532009897,2.25047919499331,21.5,12.5,1.4386905061248325,2
1888,AM308,0,187575,187605,31,15.0,4.175457950666023,0.7680825020837091,20.5,11.5,1.2728600936499688,2
1889,AM308,0,187794,187840,47,23.0,10.469326211045553,1.2787606309179902,18.5,17.5,4.852602197450751,2
1890,AM308,0,187842,187883,42,26.0,11.03148683314064,5.06709655491695,18.5,20.5,3.7355899803010284,2
1891,AM308,0,188015,188064,50,24.516666666666424,12.629038236500557,0.9871198483571881,17.0,17.516666666666666,4.645134715532786,3
1892,AM308,0,188466,188521,56,27.5,8.353500877832493,0.4998885723511076,14.0,17.5,2.1033238359386974,3
1893,AM308,0,188523,188564,42,22.0,6.759651322297812,0.7202636053716736,18.5,16.5,1.9284598342086363,2
1894,AM308,0,188569,188604,36,18.5,5.54282008520976,1.0105982347790314,19.0,13.5,1.6125592179427286,2
1895,AM308,0,188607,188652,46,22.5,4.151278959034105,0.5059380889801901,15.0,13.5,1.0717655969040307,3
1896,AM308,0,188654,188704,51,25.5,5.586934285369518,0.17639408277620403,14.5,16.0,2.0942711063786654,4
1897,AM308,0,188709,188738,30,17.0,3.257818163335405,1.1450043026128893,18.5,11.5,1.2070867969408556,3
1898,AM308,0,188744,188796,53,26.0,8.371525318163608,0.23756927042093448,14.5,16.5,1.6469101199049094,3
1899,AM308,0,188798,188836,39,19.016666666666424,6.764396808384378,1.5741634394601318,17.5,12.516666666666667,1.9684205157138277,2
1900,AM308,0,188842,188875,34,16.5,3.6417658842804057,1.7007544224972724,15.5,8.0,0.9819881322199936,2
1901,AM308,0,188889,188931,43,21.0,6.038695316137355,0.3874397106443189,15.0,12.0,1.5996551825900303,2
1902,AM308,0,188961,189020,60,29.5,15.13071029239359,8.330254668784287,16.0,21.5,5.6661459045828515,4
1903,AM308,0,189110,189150,41,20.0,7.716842392604081,0.46431952389505265,23.5,19.5,3.551965501515593,2
1904,AM308,0,189189,189228,40,19.5,4.393066798738888,0.5531435961068385,18.0,13.5,1.8810789370299177,3
1905,AM308,0,189229,189277,49,25.0,7.619138861322971,0.23626951560109397,14.0,15.0,2.356231471856664,3
1906,AM308,0,189278,189320,43,23.0,8.486698384875238,0.5046087691381196,15.5,14.5,3.7011045398812374,3
1907,AM308,0,189420,189449,30,17.516666666666424,3.0316728591389377,2.0609880246646526,19.0,12.516666666666667,1.1712388327128491,2
1908,AM308,0,189450,189498,49,25.016666666666424,5.170472960838268,0.5303055687416813,13.0,14.016666666666667,1.6893664818690977,3
1909,AM308,0,189499,189546,48,23.5,7.337746405759107,0.18978559496882735,14.5,14.0,3.26566387010159,4
1910,AM308,0,189548,189594,47,23.0,4.031729541939925,0.5754742166786959,15.0,14.0,1.1214036266174536,3
1911,AM308,0,189597,189628,32,16.5,2.6708931793475563,2.0877299779759677,15.5,8.0,1.3478566555116425,2
1912,AM308,0,189645,189681,37,18.5,4.204321037279949,2.264184179352962,16.5,11.0,1.2969089248297836,1
1913,AM308,0,189692,189735,44,24.0,5.4314786185867385,0.4166106302465362,16.5,16.5,1.1524482767642226,1
1914,AM308,0,189737,189782,46,23.5,7.184263494152684,1.0184771651275197,17.5,17.0,3.4018081318966873,4
1915,AM308,0,189784,189822,39,19.0,5.0147197369607674,0.8043667537656681,18.0,13.0,1.715145913584342,3
1916,AM308,0,189831,189865,35,18.016666666666424,5.780617760023731,3.566401191820086,17.5,11.516666666666667,2.030941996079929,3
1917,AM308,0,189880,189925,46,23.5,8.436315171618602,0.2938421296885013,19.0,18.5,2.137149731426596,3
1918,AM308,0,189927,189954,28,13.5,4.029819829645275,2.80666175409313,19.5,9.0,1.2239881550234368,3
1919,AM308,0,189969,190091,123,66.0,20.11986296130502,0.668133138395395,16.5,10.5,4.389655675973714,5
1920,AM308,0,190163,190187,25,14.0,4.002189260052955,0.7726511827436986,0.0,14.0,1.481708588603309,2
1921,AM308,0,190191,190250,60,31.5,8.78317125401861,7.045441387590116,16.0,23.5,3.173907939735354,5
1922,AM308,0,190251,190287,37,18.0,5.587495452504483,0.4431628285283551,0.0,18.0,2.5163615658375,2
1923,AM308,0,190288,190332,45,23.5,5.141382157354389,0.4212829825181519,18.5,18.0,1.990729627092838,3
1924,AM308,0,190333,190373,41,20.0,3.5241055461634776,0.4697942248451449,18.5,14.5,1.5115277695534532,2
1925,AM308,0,190620,190651,32,17.0,4.376223559272623,0.03484155827751741,20.5,13.5,1.4282608343866463,2
1926,AM308,0,190713,190749,37,22.016666666666424,6.765753927636391,2.6922683246252603,21.5,19.516666666666666,1.964179906279766,2
1927,AM308,0,190940,190997,58,30.5,9.589458796251888,2.7455733373043163,17.0,23.5,2.7481953788463205,4
1928,AM308,0,191149,191178,30,14.5,4.8402025306403305,0.9346976901603673,22.0,12.5,1.7577501352284226,3
1929,AM308,0,191259,191291,33,16.0,4.506818237425852,0.9000791780107014,18.5,10.5,1.878310598425448,3
1930,AM308,1,191430,191479,50,26.016666666666424,7.054579750335214,1.0808193889407849,11.0,13.016666666666667,1.44236699194551,5
1931,AM308,1,191481,191564,84,44.5,11.51041683017523,1.1673116895604385,14.0,10.5,2.065037005499818,3
1932,AM308,1,191567,191616,50,24.5,10.393817224613201,0.5479775934097328,12.0,12.5,1.1841048180473028,3
1933,AM308,1,191624,191725,102,50.5,20.123643814412997,12.34170219952371,16.5,19.0,4.099775673572692,5
1934,AM308,1,191754,191803,50,28.5,5.482393399478127,1.0461107346922445,9.5,14.0,1.5266074736919497,3
1935,AM308,1,191814,191899,86,49.03333333333285,10.505277163917242,0.8188870478027404,19.5,20.533333333333335,2.534008020319644,4
1936,AM308,1,191922,192025,104,53.0,16.427494807837995,1.8338310067199104,8.0,13.0,3.968056392796316,4
1937,AM308,1,192070,192145,76,43.0,7.580311134574832,3.123447244780006,15.5,10.5,1.4609234438471657,5
1938,AM308,1,192202,192372,171,94.5,40.76422182481547,13.5019035818902,17.0,15.5,4.005614592468595,5
1939,AM308,1,193007,193035,29,14.5,6.028356750686404,2.220161108318282,18.5,9.0,1.2133004641642322,2
1940,AM308,1,193068,193138,71,37.5,17.434341888851673,2.5143053764734127,6.0,19.5,2.19701194135752,2
1941,AM308,1,193139,193165,27,13.016666666666424,7.716372092191326,3.541937637495152,20.0,9.016666666666667,1.9463473693814708,2
1942,AM308,1,193185,193211,27,13.0,4.52768892546579,3.5696764342262677,19.0,8.0,1.0191391491561117,1
1943,AM308,1,193253,193305,53,27.5,15.036540391190425,1.2339069632647208,5.0,8.5,2.0682527657758145,2
1944,AM308,1,193316,193341,26,13.5,4.206810415519298,0.7714073000701419,14.0,3.5,1.2084204655904773,2
1945,AM308,1,193463,193515,53,28.5,12.800499542456446,2.7321471118055687,16.5,21.0,1.377440389022394,1
1946,AM308,1,193519,193583,65,33.5,12.58169926773757,3.1091889907092223,23.0,8.5,1.9659949935566778,3
1947,AM308,1,193648,193677,30,14.5,4.3825503548638265,1.9236283376904064,18.0,8.5,0.6217896434701281,1
1948,AM308,1,193752,193783,32,16.5,9.464672541728444,0.9791978537198951,22.0,14.5,1.8327603768238103,1
1949,AM308,1,193790,193837,48,28.0,16.445922368225055,1.9055931139955926,18.0,22.0,1.8183954237269513,1
1950,AM308,1,193839,193882,44,21.5,13.127913607719963,1.659080870614755,23.0,20.5,2.0712096422145483,1
1951,AM308,1,193912,193942,31,15.0,7.468045539365556,1.3033907920056156,2.5,17.5,1.7366006911880405,2
1952,AM308,1,193943,193978,36,18.5,8.292617277715173,0.7983850335421807,18.0,12.5,1.90960100519153,3
1953,AM308,1,194272,194302,31,15.0,6.8179673973277,0.8502193422138237,16.5,7.5,1.4091735473283482,4
1954,AM308,1,194312,194370,59,30.5,13.535057558865756,6.244178479491888,12.5,19.0,1.8055454239226478,2
1955,AM308,1,194412,194440,29,14.0,5.227812018917193,1.9760269636852783,16.0,6.0,1.2671342676578587,2
1956,AM308,1,194463,194507,45,22.0,8.187210635711434,3.347791309250675,17.5,15.5,1.8931675807769595,4
1957,AM308,1,194512,194547,36,17.5,5.1600417599549635,0.7014735504183818,18.0,11.5,1.0709965823402274,2
1958,AM308,1,194549,194585,37,18.016666666666424,7.2374363798667956,5.127067643798843,12.5,6.516666666666667,1.6698200897288549,2
1959,AM308,1,194942,194973,32,15.5,8.335594132997453,2.2016676603877285,23.0,14.5,2.161313190645783,2
1960,AM308,1,195070,195096,27,14.0,4.787496494532533,1.074344306070653,16.0,6.0,1.3417192386672672,2
1961,AM308,1,195245,195284,40,19.5,10.310021444212545,2.0067438376641467,15.5,11.0,2.974442211296767,2
1962,AM308,1,195341,195419,79,39.0,16.162632228253003,2.343849103847452,15.5,6.5,2.4007351615525603,2
1963,AM308,1,195442,195470,29,14.0,7.855983483708474,1.3775197936707497,18.0,8.0,1.249902554176933,2
1964,AM308,1,195479,195534,56,27.5,13.207480815924274,6.92454648783114,12.5,16.0,2.101675216719701,2
1965,AM308,1,195535,195621,87,43.0,22.87375916016204,2.403024121371598,16.5,11.5,2.5578307458957052,2
1966,AM308,1,195622,195678,57,29.5,21.22380875813068,5.249023074480776,12.0,17.5,2.5568806355142177,2
1967,AM308,1,195683,195718,36,19.0,11.133282836438017,0.12248978821605483,20.0,15.0,2.540824222761581,2
1968,AM308,1,195866,195903,38,21.0,15.182099535238239,1.4367912926263893,22.5,19.5,2.51506857197737,5
1969,AM308,1,195948,195979,32,15.5,7.878831218899439,5.032681360085659,19.5,11.0,1.5066135497924176,1
1970,AM308,1,195997,196026,30,16.0,8.901760868399156,5.853927423328241,20.0,12.0,2.121300677513443,2
1971,AM308,1,196036,196071,36,18.516666666666424,7.935600062096091,0.9895673624455987,17.0,11.516666666666667,1.3934789410394304,2
1972,AM308,1,196072,196108,37,18.0,7.692101655136416,5.735803734487449,12.0,6.0,2.222070993404294,2
1973,AM308,1,196303,196329,27,14.0,5.471641039905535,3.9102855108094325,19.0,9.0,1.4640161359641903,2
1974,AM308,1,196339,196378,40,19.5,7.455824131083104,3.6662365808659234,14.0,9.5,1.4436821005310505,4
1975,AM308,1,196436,196476,41,20.0,13.480494496391549,2.949123006114671,14.5,10.5,1.9228628718424918,2
1976,AM308,1,196496,196522,27,13.0,7.201143769972413,1.258417094000191,20.5,9.5,1.4823478005206938,2
1977,AM308,1,196658,196692,35,20.0,11.152856361062117,3.7153564699990373,15.5,11.5,2.803949256700424,2
1978,AM308,1,196752,196847,96,47.5,31.522413013954605,6.747857419546929,17.5,17.0,2.208435510561581,2
1979,AM308,1,197037,197067,31,15.0,6.81401140428508,4.467030768596583,17.0,8.0,1.6914939097256338,2
1980,AM308,1,197101,197133,33,16.0,6.807333365993886,2.6391834171895967,16.0,8.0,2.2450036425071955,3
1981,AM308,1,197148,197176,29,14.0,4.578466026610169,2.860042900344871,15.5,5.5,1.3124864572782673,2
1982,AM308,1,197195,197220,26,17.5,6.006476717275303,2.0930481847386733,15.0,8.5,0.699601100729018,1
1983,AM308,1,197247,197273,27,13.0,4.470632748627237,3.4350377985089744,22.0,11.0,1.8070452208278096,3
1984,AM308,1,197286,197311,26,14.0,1.7688000996862827,0.6916568029443124,17.5,7.5,0.4822145044999731,2
1985,AM308,1,197334,197359,26,13.0,2.5657225446494114,0.5339672691326576,19.0,8.0,0.6216127962524088,1
1986,AM308,1,197385,197410,26,13.5,3.60570488997504,1.9664107750217732,21.0,10.5,0.786240554620584,2
1987,AM308,1,197520,197549,30,14.5,4.52828511415486,1.5125783637879548,17.5,8.0,1.4433242652135954,2
1988,AM308,1,197622,197657,36,17.483333333333576,6.969350992221243,2.351506906787457,20.516666666666666,14.0,1.4729140513219863,2
1989,AM308,1,197747,197780,34,16.5,3.8965040836584555,1.6480006802189673,19.0,11.5,1.0957184262139785,2
1990,AM308,1,197797,197846,50,24.5,8.12516381350234,2.771831035148786,20.0,20.5,2.0781462323934954,2
1991,AM308,1,197848,197879,32,15.5,5.589127520347816,1.982234880801701,21.5,13.0,1.7503813466276787,2
1992,AM308,1,197893,197920,28,14.0,5.196714993761288,1.721845193894875,20.0,10.0,0.5978083466849199,4
1993,AM308,1,197948,197973,26,12.5,4.634227453546222,2.863520127978275,0.0,12.5,0.7324110870572987,1
1994,AM308,1,197980,198012,33,16.016666666666424,8.425744641397138,4.460320668736382,16.0,8.016666666666667,1.6132698510427192,2
1995,AM308,1,198028,198058,31,19.5,6.497503559861461,2.3955443113168444,16.0,11.5,1.4766883954978696,2
1996,AM308,1,198314,198338,25,12.0,7.330576334027337,2.555413619373887,3.5,15.5,1.4195445166481673,2
1997,AM308,1,198357,198383,27,14.5,10.437510323533187,1.8530638033142686,2.5,17.0,3.620956809068801,2
1998,AM308,1,198386,198428,43,20.983333333333576,11.420090335684444,1.073072099575959,18.516666666666666,15.5,3.8570618615399432,3
1999,AM308,1,198439,198474,36,20.5,6.904668432228315,1.7545758998073062,21.0,17.5,1.3222402571468823,2
2000,AM308,1,198475,198555,81,40.0,15.45074415001301,8.97317616152702,18.0,10.0,4.010598119530176,4
2001,AM308,1,198571,198599,29,15.016666666666424,4.461711202352521,1.1136127127131001,18.0,9.016666666666667,0.8193195473490231,1
2002,AM308,1,198617,198643,27,13.0,3.6680070869088794,2.120800244513969,18.0,7.0,1.058982055363312,2
2003,AM308,1,198674,198699,26,12.5,2.020886323287579,1.4527906725804516,22.5,11.0,0.5340260699559356,2
2004,AM308,1,198761,198791,31,15.0,3.149123090037321,1.7296917562435923,18.0,9.0,1.5645250606780912,3
2005,AM308,1,198837,198861,25,12.0,3.605276391327684,1.6090620343901074,8.0,20.0,1.4103432402750722,2
2006,AM308,1,198867,198907,41,20.0,7.25625214755544,2.727539194065469,23.0,19.0,1.8554194966946107,2
2007,AM308,1,198908,198941,34,17.5,5.43117034963964,4.600200854131956,19.5,13.0,2.0144700915776435,2
2008,AM308,1,198950,198975,26,12.5,3.0378368530823843,2.575913918376589,17.5,6.0,0.9351653654736147,2
2009,AM308,1,199007,199033,27,14.0,3.05088243929753,0.761945294119641,22.0,12.0,0.9733040082518609,2
2010,AM308,1,199036,199067,32,17.0,6.488942912683771,4.909209976765844,13.5,6.5,1.367718547920754,2
2011,AM308,1,199089,199114,26,12.5,2.851713087681148,1.7951721510837404,17.5,6.0,0.9816584256168936,2
2012,AM308,1,199238,199283,46,22.5,9.619873940970123,0.2952290596881264,12.5,11.0,2.1282077100360506,2
2013,AM308,1,199296,199331,36,17.5,8.47722440897645,3.983065729834894,17.5,11.0,2.612795070870366,3
2014,AM308,1,199429,199468,40,19.5,3.4746492516597898,0.9569944721147972,13.5,9.0,1.1266518406684194,3
2015,AM308,0,199623,199667,45,23.5,6.895520707741545,1.2940607007098806,16.5,16.0,2.167379621401741,2
2016,AM308,0,199707,199741,35,20.0,7.415301785776141,5.684976667291234,23.5,19.5,1.786616456222332,3
2017,AM308,0,199910,199947,38,18.5,3.624496016465912,0.7388090742545628,21.0,15.5,1.353852757613568,3
2018,AM91,0,200829,200857,29,14.0,5.604613363447401,1.9273611715119552,16.55,6.55,2.315538894083931,3
2019,AM91,0,200869,200955,87,43.0,14.681692249411087,0.5642302054432372,12.55,7.55,3.030398646884621,5
2020,AM91,0,200971,201002,32,15.5,5.1665886701880686,1.2694691076166194,15.55,7.05,1.5518420642655804,2
2021,AM91,0,201022,201068,47,23.000000000000014,11.712381733675512,1.478259510222475,17.05,16.05,3.9728176060436913,4
2022,AM91,0,201073,201104,32,15.5,8.45139969833597,0.883436021242779,18.55,10.05,3.4430880625181515,2
2023,AM91,0,201121,201152,32,16.0,5.151364292896198,1.9026678579537828,18.55,10.55,1.9403600103597727,4
2024,AM91,0,201165,201197,33,16.0,7.4664762187036775,1.2665597625039462,17.05,9.05,3.0620792746656855,2
2025,AM91,0,201213,201289,77,38.0,15.48579807204332,0.652845182602025,17.05,7.05,4.5952463076397585,3
2026,AM91,0,201311,201368,58,28.48333333333335,9.495584575368841,0.9802855855345535,18.05,22.533333333333335,3.0179857119374636,3
2027,AM91,0,201402,201445,44,22.51666666666665,12.88713825529348,10.950322227756196,16.533333333333335,15.05,3.7430353754752193,2
2028,AM91,0,201451,201495,45,25.01666666666665,7.372059106854643,3.6120645318881155,18.033333333333335,19.05,2.213160408395684,3
2029,AM91,0,201498,201588,91,45.0,13.338934995297056,0.30918317789975275,20.533333333333335,17.533333333333335,2.779780756987023,3
2030,AM91,0,201591,201637,47,23.0,8.04497080246242,5.755407876153365,19.033333333333335,18.033333333333335,2.844708373701951,2
2031,AM91,0,201639,201686,48,25.5,9.30227580111501,5.747901952112482,19.033333333333335,20.533333333333335,3.7968671563246654,2
2032,AM91,0,201687,201774,88,46.5,14.543297031065764,5.935712951531214,21.033333333333335,19.533333333333335,2.6637932992142916,3
2033,AM91,0,201778,201862,85,42.99999999999994,19.624961328808265,11.29120731783049,21.533333333333335,16.533333333333335,3.514892429464061,5
2034,AM91,0,201866,201899,34,16.51666666666665,11.326414910116128,4.217144048124032,18.516666666666666,11.033333333333333,3.431366757076488,2
2035,AM91,0,201912,201938,27,13.0,4.4380639340540915,2.0866293117055155,17.516666666666666,6.516666666666667,1.3545463227405754,3
2036,AM91,0,201965,202100,136,70.48333333333335,25.207309413531977,8.999744508377326,21.033333333333335,19.516666666666666,3.8639798658570323,4
2037,AM91,0,202101,202197,97,51.5,13.81896510291737,0.6220009690434044,20.016666666666666,23.516666666666666,1.6662328388655208,2
2038,AM91,0,202198,202284,87,43.0,11.16319357164551,0.5815853460000493,0.016666666666666666,19.016666666666666,1.5775154534778366,2
2039,AM91,0,202285,202321,37,19.0,7.289659023867929,4.696572202892398,19.516666666666666,14.516666666666667,3.0355284242503573,2
2040,AM91,0,202328,202356,29,16.5,2.8374460350975514,0.3740332051911475,19.016666666666666,11.516666666666667,1.106921069577242,2
2041,AM91,0,202363,202490,128,64.5,16.457560341536414,4.554638873920562,16.016666666666666,8.516666666666667,2.185013677090699,2
2042,AM91,0,202588,202663,76,39.5,16.88692748393131,10.709668439547288,15.0,6.5,3.8259872418234973,4
2043,AM91,0,202784,202830,47,23.0,10.554039531302536,8.586925766134234,19.0,18.0,3.3214632569914926,4
2044,AM91,0,202831,202903,73,38.0,10.405251502018205,2.629451868258589,18.5,8.5,1.6113417915957797,3
2045,AM91,0,202917,202954,38,18.5,3.434904762043367,1.6791682314116039,15.5,10.0,1.2688381038836625,2
2046,AM91,0,203264,203381,118,61.0,20.608667673249236,5.649293396171779,21.483333333333334,10.483333333333333,2.6920153291476963,5
2047,AM91,0,203397,203436,40,19.5,8.957419022647175,6.498620173094962,18.483333333333334,13.983333333333333,2.86576424854478,3
2048,AM91,0,203447,203477,31,15.0,5.798841639479593,4.987224134171775,19.483333333333334,10.483333333333333,1.8944997542966733,2
2049,AM91,0,203545,203624,80,40.48333333333335,14.759933392445557,10.323238290594169,20.483333333333334,12.966666666666667,2.587384820928638,3
2050,AM91,1,203649,203715,67,32.98333333333335,12.68745696288684,2.3722842878588257,1.4833333333333334,10.466666666666667,1.9997106352068028,2
2051,AM91,1,203728,203807,80,40.5,12.818963240805802,0.09572083519698694,16.966666666666665,9.466666666666667,2.1020054693317682,2
2052,AM91,1,203823,203859,37,18.0,6.503766003060316,3.6124744457714932,17.466666666666665,11.466666666666667,1.8186424279232458,2
2053,AM91,1,203869,203900,32,15.5,7.075006576454696,1.3060897826158182,16.466666666666665,7.966666666666667,1.6498507387452999,2
2054,AM91,1,203918,203949,32,15.5,4.823213644984483,0.18805842248405522,16.966666666666665,8.466666666666667,2.0017923211719557,3
2055,AM91,1,204010,204044,35,17.0,7.326826652568586,2.346320460904005,14.966666666666667,7.966666666666667,1.8034546813346284,4
2056,AM91,1,204057,204096,40,19.5,8.064705415891966,3.8446115567386654,14.466666666666667,9.966666666666667,2.3204777758113684,3
2057,AM91,1,204105,204138,34,19.5,10.079531375785237,1.0037397104858146,14.466666666666667,9.966666666666667,2.5524147583608836,4
2058,AM91,1,204158,204247,90,44.48333333333335,15.89281150652086,5.95940757646832,19.966666666666665,16.45,2.61191397935644,5
2059,AM91,1,204248,204278,31,14.983333333333348,8.432556576648722,6.187213151657572,16.966666666666665,7.95,2.6778579847464017,2
2060,AM91,1,204282,204319,38,23.48333333333335,11.623207895005326,1.9678424873512816,9.966666666666667,9.45,3.732313456938913,2
2061,AM91,1,204334,204370,37,18.0,11.155037336549192,0.6327407630275782,16.95,10.95,2.708848992538102,2
2062,AM91,1,204375,204400,26,12.5,5.131025883211213,0.829530103782006,13.45,1.95,1.4173356215142634,2
2063,AM91,1,204443,204480,38,18.5,7.88751004535914,3.7548232553181347,15.45,9.95,2.2281985408246157,4
2064,AM91,1,204537,204574,38,18.5,7.183752627593498,3.7372303477004536,14.45,8.95,2.639852252961218,4
2065,AM91,1,204576,204620,45,22.0,13.009224433289434,10.211515647713563,9.95,7.95,3.6148611200222134,2
2066,AM91,1,204633,204659,27,17.5,13.155437246749855,11.451466195469827,14.45,7.95,3.0235466719821806,2
2067,AM91,1,204720,204749,30,14.5,6.109736576207022,0.5987749586719854,15.433333333333334,5.933333333333334,1.4055603289209284,3
2068,AM91,1,204774,204799,26,12.483333333333576,5.4749850324047635,3.6862562283950977,18.45,6.933333333333334,0.8442796129407992,2
2069,AM91,1,204816,204854,39,19.0,11.697526025095016,7.154399364071465,15.433333333333334,10.433333333333334,1.5513615865031674,1
2070,AM91,1,204870,204906,37,18.0,10.148418426111903,4.9310059620484585,18.433333333333334,12.433333333333334,1.0931837850826618,1
2071,AM91,1,204914,204941,28,13.5,5.6024047438504825,0.5809871810856916,16.433333333333334,5.933333333333334,1.6220114146975855,1
2072,AM91,1,204965,204989,25,12.0,7.358429612381137,2.136030327137126,17.933333333333334,5.933333333333334,2.199715498931722,3
2073,AM91,1,205012,205044,33,16.0,10.17492448009337,1.7501493598848155,17.433333333333334,9.433333333333334,1.3658878619236055,1
2074,AM91,1,205111,205136,26,12.5,6.662805460905676,3.2979278675719574,18.933333333333334,7.433333333333334,1.311436019198094,1
2075,AM91,1,205154,205181,28,13.5,10.294101845112014,3.40795855508453,16.433333333333334,5.933333333333334,2.1600151903029046,1
2076,AM91,1,205197,205247,51,25.0,16.310454915075074,7.690790361212983,13.933333333333334,14.933333333333334,3.1052882277744613,2
2077,AM91,1,205264,205308,45,22.0,13.64116660405143,6.315088381869521,23.933333333333334,21.933333333333334,3.4431345811631493,2
2078,AM91,1,205309,205371,63,30.98333333333312,20.77082869092688,2.875050304025675,22.433333333333334,5.416666666666667,3.0520972820938175,2
2079,AM91,1,205440,205481,42,20.5,17.181036396628777,9.852709845701652,15.916666666666666,12.416666666666666,3.3967300772158375,3
2080,AM91,1,205763,205795,33,16.5,6.07370332447052,2.9294334035486362,13.916666666666666,6.416666666666667,0.7731710056400373,1
2081,AM91,1,205813,205841,29,14.0,4.24084651167026,1.3617641332242316,15.916666666666666,5.916666666666667,0.7951522666432927,1
2082,AM91,1,206243,206273,31,16.5,9.898425444757711,2.5701561072244012,18.4,10.9,1.4537337991257426,1
2083,AM91,1,206373,206401,29,16.0,8.894291349329414,4.046232783880593,15.4,7.4,2.09107028729335,3
2084,AM91,1,206402,206454,53,26.0,23.952959567243674,12.886966393207313,7.9,9.9,3.3695208300586845,2
2085,AM91,1,206595,206672,78,38.51666666666688,20.712905843413754,10.236124789701963,16.383333333333333,6.9,3.535990990885617,3
2086,AM91,1,206690,206723,34,16.48333333333312,15.758818569523148,1.4746624836325348,15.9,8.383333333333333,3.6247168440633257,2
2087,AM91,1,206737,206928,192,98.0,50.52059404849177,11.758620295363437,15.383333333333333,17.383333333333333,3.8995040415093274,2
2088,AM91,1,207207,207236,30,14.5,7.476970067249088,3.051209800476045,16.866666666666667,7.366666666666666,2.216046793286982,2
2089,AM91,1,207293,207378,86,42.5,18.467642532027806,1.9742585034681301,12.866666666666667,7.366666666666666,3.6606076052724723,3
2090,AM91,1,207389,207476,88,43.5,27.229571498310627,5.113599159057916,12.866666666666667,8.366666666666667,4.002216747702713,2
2091,AM91,1,207495,207521,27,13.0,5.964622480884586,2.3932518080063843,17.866666666666667,6.866666666666667,2.0458271739544305,2
2092,AM91,1,207537,207718,182,92.48333333333312,58.651058776564334,10.109412724978986,14.866666666666667,11.35,3.147645516539509,1
2093,AM91,1,207719,207774,56,27.5,13.407979017678015,0.31531871187530947,11.85,15.35,2.902833307247453,3
2094,AM91,1,207861,207899,39,19.0,12.283132661034998,10.379880305290332,10.85,5.85,2.489077164656759,3
2095,AM91,1,207916,208097,182,93.48333333333312,40.500578015565196,4.536561713387072,14.366666666666667,11.85,4.009840281590732,3
2096,AM91,1,208154,208186,33,17.0,9.160880980181533,6.944879672023331,16.35,9.35,2.9234600930479044,2
2097,AM91,1,208499,208542,44,21.5,8.82867484591373,3.8216113266811096,14.833333333333334,12.333333333333334,0.9927108447776832,1
2098,AM91,1,208766,208792,27,13.0,5.146469382082283,1.5505033571594617,17.833333333333332,6.833333333333333,0.9359615648765056,1
2099,AM91,1,208857,208884,28,13.5,5.172378471821782,0.8552363176933336,16.333333333333332,5.833333333333333,1.7570089606713035,2
2100,AM91,1,208901,208925,25,12.0,4.127147267692347,0.8408910855927038,21.316666666666666,9.316666666666666,1.1177334240869732,3
2101,AM91,1,209045,209077,33,16.0,5.053317806627328,2.72125051259934,22.833333333333332,14.833333333333334,1.6361139474323618,2
2102,AM91,1,209180,209204,25,13.0,4.428832512246696,1.2213034857886287,18.316666666666666,7.316666666666666,1.4635697830704897,2
2103,AM91,1,209228,209257,30,14.5,5.739326140282335,3.190308740570822,20.316666666666666,10.816666666666666,1.280661600347396,2
2104,AM91,1,209270,209302,33,16.0,5.699005531133232,2.1784859533125696,18.816666666666666,10.816666666666666,1.4689573655775388,1
2105,AM91,1,209360,209389,30,14.5,4.844696088535399,1.399574429001017,17.816666666666666,8.316666666666666,1.3483978957097764,3
2106,AM91,1,209452,209483,32,15.483333333333576,7.297515809716699,1.236936469603007,17.316666666666666,8.8,1.4589971149174,1
2107,AM91,1,209499,209531,33,16.0,4.636785063913575,1.7436106964886429,16.8,8.8,1.6077047756246499,3
2108,AM91,1,209638,209669,32,16.483333333333576,7.781167346652238,1.216999843145684,17.316666666666666,9.8,1.6858995340430079,2
2109,AM91,1,209815,209849,35,17.0,3.1049936825648943,0.9532080134050005,16.3,9.3,0.8937540622231078,2
2110,AM91,1,209954,209986,33,16.0,5.9995530445377865,0.6868691483530893,16.8,8.8,1.6200609289609584,3
2111,AM91,1,210046,210077,32,15.5,2.7045306047932107,0.7251327209231978,16.8,8.3,0.9280180464417528,3
2112,AM91,1,210095,210122,28,13.5,6.914615085335411,4.300391741228412,17.283333333333335,6.783333333333333,1.4261272091798076,2
2113,AM91,1,210283,210312,30,14.516666666666424,3.2966149528005997,1.6010117171238634,15.783333333333333,6.3,0.7621364063632257,2
2114,AM91,1,210336,210368,33,16.0,3.9690313553414227,0.7757228360040176,18.283333333333335,10.283333333333333,1.0154468166875366,2
2115,AM91,1,210379,210414,36,18.5,3.9402583323560694,1.3726173969191005,15.783333333333333,10.283333333333333,0.6864929740027981,2
2116,AM91,1,210430,210454,25,12.0,3.210904992660806,1.9435106300039102,18.283333333333335,6.283333333333333,1.1429114991407994,2
2117,AM91,1,210572,210605,34,16.5,8.737790597134463,0.9300397554345746,17.283333333333335,9.783333333333333,2.2671241580415327,3
2118,AM91,1,210619,210660,42,20.5,12.302392952189505,0.9428477315750496,16.783333333333335,13.283333333333333,2.684591748255084,3
2119,AM91,1,210668,210708,41,20.0,14.951939941426973,5.048158853966847,17.283333333333335,13.283333333333333,2.0892597180486883,2
2120,AM91,1,210717,210755,39,18.983333333332666,7.969356244425035,3.6694061981026738,17.783333333333335,12.766666666666667,1.9128583042956309,3
2121,AM91,1,210806,210836,31,16.5,5.645639220949847,0.17812456274125427,14.266666666666667,6.766666666666667,1.1153587349395462,2
2122,AM91,1,210862,210906,45,22.0,10.735658442201554,1.387967952487468,19.766666666666666,17.766666666666666,1.6795701492980954,2
2123,AM91,1,210914,210940,27,13.0,6.220198072282903,1.4411760739963284,21.766666666666666,10.766666666666667,1.381229520546118,2
2124,AM91,1,210951,210977,27,12.983333333332666,6.042230759463918,1.5915970515064184,16.283333333333335,5.266666666666667,2.3524071997074167,2
2125,AM91,1,211073,211098,26,12.5,8.938636844192658,2.5215751864794496,5.266666666666667,17.766666666666666,2.5826228617543903,2
2126,AM91,1,211198,211224,27,13.0,7.227487699578856,4.219431020993013,19.766666666666666,8.766666666666667,1.7200351036014585,2
2127,AM91,1,211248,211285,38,18.5,6.351414216911478,0.8174718515953243,20.766666666666666,15.266666666666667,1.9612352975223173,2
2128,AM91,1,211473,211506,34,16.516666666666424,4.805575943015375,0.5869881373238869,15.25,7.766666666666667,1.4005040470960042,3
2129,AM91,1,211526,211553,28,13.5,2.5836226555944974,1.8855897363354042,17.75,7.25,0.7417645884912782,3
2130,AM91,1,211569,211603,35,17.016666666666424,4.425349917055473,3.712790723443247,15.25,8.266666666666667,1.8468493970172364,2
2131,AM91,1,211630,211656,27,13.0,1.766273429363697,0.7482900307878096,21.75,10.75,0.5955471381863536,2
2132,AM91,1,211673,211703,31,15.0,3.140692443913577,1.690327894459506,19.25,10.25,0.9621140830420661,2
2133,AM91,1,211717,211753,37,18.0,5.696236578028869,3.6402664307507218,17.25,11.25,1.3652187259368533,2
2134,AM91,1,211766,211798,33,16.0,3.732606775396855,2.4969237884196045,17.75,9.75,0.9459597422958392,3
2135,AM91,1,211901,211946,46,22.5,6.365581018679499,3.859647788641563,14.25,12.75,2.1000267638645607,2
2136,AM91,1,211956,211992,37,18.0,6.489824643547625,0.12687223311910384,17.75,11.75,2.3320177327708227,3
2137,AM91,1,212004,212043,40,19.5,8.14581464783484,4.16103073097129,17.733333333333334,13.233333333333333,2.156572472317506,3
2138,AM91,1,212048,212083,36,17.5,3.9612254826807334,3.0651616277637226,15.733333333333333,9.233333333333333,1.2822259863273706,2
2139,AM91,1,212093,212137,45,22.0,6.633679954938585,4.754640987738927,14.233333333333333,12.233333333333333,2.6295330327559423,3
2140,AM91,1,212153,212190,38,18.5,6.386952193955099,2.396418758079107,20.733333333333334,15.233333333333333,2.4510514272521604,3
2141,AM91,1,212191,212231,41,20.0,7.170901562474237,5.647143110435497,15.733333333333333,11.733333333333333,2.1800325037892017,3
2142,AM91,1,212248,212276,29,14.0,4.248135673670051,1.9992812332140788,20.233333333333334,10.233333333333333,1.5212009939055842,3
2143,AM91,1,212297,212322,26,12.5,4.134416502328844,0.5034178402481116,20.733333333333334,9.233333333333333,1.7886608614757031,2
2144,AM91,1,212341,212369,29,14.0,4.869510490126366,1.5407739936479996,18.733333333333334,8.733333333333333,1.8043657868232212,2
2145,AM91,1,212428,212472,45,22.0,4.1790870764164065,0.5456756661432175,14.233333333333333,12.233333333333333,0.8582632899501365,1
2146,AM91,1,212480,212521,42,20.5,8.479469942593193,3.1907193218539955,16.233333333333334,12.733333333333333,2.715438253340886,3
2147,AM91,1,212529,212558,30,14.5,4.812221755107269,1.3618590718138996,16.733333333333334,7.233333333333333,1.56906178285511,2
2148,AM91,0,212626,212655,30,14.483333333332666,2.809313497998819,1.5319080532062945,17.233333333333334,7.716666666666667,1.1779899254066615,1
2149,AM91,0,212721,212750,30,14.516666666667334,5.123899010684619,4.175402812615747,16.716666666666665,7.233333333333333,2.1621719095126846,2
2150,AM91,0,212812,212852,41,19.983333333332666,5.507717693308905,1.464748361402825,14.233333333333333,10.216666666666667,1.4447654028190886,2
2151,AM91,0,212886,212915,30,14.5,4.314963875781426,0.3129588933429625,3.216666666666667,17.716666666666665,1.9598308510813158,2
2152,AM91,0,212918,212949,32,15.5,3.4102425521590805,0.4138142469537953,19.216666666666665,10.716666666666667,1.328259622656575,2
2153,AM91,0,212958,212992,35,17.0,6.874007047372949,3.892806805585963,15.216666666666667,8.216666666666667,2.1124378540813766,3
2154,AM91,0,213049,213079,31,16.5,6.685612659149315,5.054065406387229,12.716666666666667,5.216666666666667,2.2349576516673757,2
2155,AM91,0,213284,213317,34,18.483333333333576,8.193591702051656,3.940921388879288,16.716666666666665,11.2,2.816569388933821,3
2156,AM91,0,213328,213360,33,16.0,5.214019155542438,3.361250343810669,16.7,8.7,1.4527180592765951,3
2157,AM91,0,213362,213474,113,56.5,22.759819217288264,3.435929068528975,9.7,18.2,2.58948264875726,2
2158,AM91,0,213475,213597,123,62.5,21.598790780762585,4.25562937300624,18.7,9.2,1.8611604109346456,2
2159,AM91,0,213609,213662,54,26.5,11.656668599843167,2.79781379842693,15.2,17.7,1.9857076207013322,4
2160,AM91,0,213664,213711,48,23.483333333333576,13.285501576379797,8.99987745394227,18.716666666666665,18.2,4.515001596113263,2
2161,AM91,0,213770,213817,48,24.0,14.460747828071849,10.940548263864939,23.7,23.7,3.443297960978153,3
2162,AM91,0,213847,213872,26,12.5,8.867455075456634,3.598947968340547,15.2,3.7,2.8085071892321096,2
2163,AM91,0,213883,213973,91,45.983333333333576,16.034800395221936,8.932847431947408,9.2,7.183333333333334,2.931539473912804,5
2164,AM91,0,213974,214002,29,13.983333333333576,11.203725433149721,0.2726907052817192,7.7,21.683333333333334,3.217526569633913,2
2165,AM91,0,214003,214040,38,18.5,5.191039514353128,0.544321755946254,22.183333333333334,16.683333333333334,1.6093616218657543,3
2166,AM91,0,214045,214086,42,20.5,7.049315791902697,5.3570081371030716,19.183333333333334,15.683333333333334,2.639101691026244,3
2167,AM91,0,214097,214128,32,15.5,7.788878097225097,5.263900029636317,21.183333333333334,12.683333333333334,2.818727744751668,2
2168,AM91,0,214130,214172,43,21.483333333333576,9.550128829160652,0.6995677459730401,13.7,11.183333333333334,3.0727257250242177,3
2169,AM91,0,214174,214219,46,22.5,7.74021497215639,0.3503026536947994,12.183333333333334,10.683333333333334,2.541945696909542,5
2170,AM91,0,214220,214272,53,26.0,12.138590381070378,0.1500808393215569,11.183333333333334,13.183333333333334,2.5787250100588603,3
2171,AM91,0,214273,214317,45,22.0,11.909765628924061,0.7431519265719401,13.683333333333334,11.683333333333334,2.7460242074832864,4
2172,AM91,0,214318,214362,45,23.0,11.310250948094417,0.3996644801575612,12.183333333333334,11.183333333333334,2.993457554461731,3
2173,AM91,0,214373,214407,35,17.0,7.900768127922288,0.692523963814597,16.683333333333334,9.683333333333334,2.842601696828005,3
2174,AM91,0,214423,214465,43,21.0,8.641723432463666,1.3528814879170046,17.683333333333334,14.683333333333334,2.9164169838511467,3
2175,AM91,0,214504,214544,41,19.983333333333576,8.888378139743587,2.994075370439428,10.183333333333334,6.166666666666667,2.3379289645023604,4
2176,AM91,0,214546,214591,46,22.5,15.341067201283243,9.476219087853204,7.166666666666667,5.666666666666667,3.719023853786481,4
2177,AM91,0,214634,214666,33,16.0,12.09580264681047,8.934975621624476,3.183333333333333,19.183333333333334,4.0336002866445035,3
2178,AM91,0,214668,214700,33,16.0,9.010382095692247,0.3275721602815611,20.183333333333334,12.183333333333334,2.5431957105947665,2
2179,AM91,0,214711,214793,83,41.0,15.965208080432905,1.2146641358196042,17.666666666666668,10.666666666666666,5.98101359458231,4
2180,AM91,0,214800,214893,94,46.5,17.067993591510962,1.8817071492248048,14.166666666666666,12.666666666666666,4.175693378620001,3
2181,AM91,0,214899,214946,48,23.5,9.324519374710315,0.7812118188088244,15.666666666666666,15.166666666666666,3.777785387901991,3
2182,AM91,0,214954,215033,80,39.5,12.977548255299643,1.1079628185243258,19.166666666666668,10.666666666666666,3.8470228884567037,3
2183,AM91,0,215045,215128,84,41.5,12.88272876412818,0.6785128196114353,16.666666666666668,10.166666666666666,3.6948684157238882,3
2184,AM91,0,215140,215224,85,41.983333333332666,11.414300275755462,0.7416357599669248,16.166666666666668,10.15,3.599189804439625,3
2185,AM91,0,215237,215327,91,44.983333333332666,16.01013701112715,1.0573970830886517,16.666666666666668,13.65,4.338669076414595,5
2186,AM91,0,215332,215414,83,42.5,18.74872785584056,2.378455410108682,16.15,10.65,6.236049534185932,5
2187,AM91,0,215422,215527,106,52.5,16.040917863389634,11.611189490284374,14.65,19.15,3.494136830806894,3
2188,AM91,0,215532,215582,51,25.0,15.702826546778365,8.450598919252679,21.65,22.65,4.238057328195784,3
2189,AM91,0,215583,215609,27,15.5,2.189337489077767,0.4923583019135258,23.15,14.65,1.205962266789516,2
2190,AM91,0,215610,215690,81,40.0,16.14984288748959,10.429433151201337,15.15,7.15,3.7848665106161783,3
2191,AM91,0,215724,215759,36,17.5,7.718195035235838,7.397089158323268,0.15,17.65,3.5541064650656904,2
2192,AM91,0,215767,215851,85,42.483333333333576,12.254776521723702,0.7029948693308601,21.65,16.133333333333333,3.636225042379018,3
2193,AM91,0,215858,215938,81,39.983333333333576,11.273382180934675,0.8884527912913878,19.65,11.633333333333333,3.9201808155044904,3
2194,AM91,0,215952,216034,83,41.0,12.17792357652519,1.128998513429335,18.633333333333333,11.633333333333333,3.921145193155631,3
2195,AM91,0,216052,216146,95,47.0,11.974479774520788,8.62779537273466,20.633333333333333,19.633333333333333,3.6113970403486517,3
2196,AM91,0,216190,216224,35,17.0,5.265326215330638,0.8852964926845245,17.633333333333333,10.633333333333333,1.6407595315513,3
2197,AM91,0,216236,216263,28,13.5,4.438346385415255,2.1455060471002207,17.133333333333333,6.633333333333333,1.678157519953932,2
2198,AM91,0,216283,216391,109,54.0,15.041279979835771,1.4665727011920526,16.633333333333333,22.633333333333333,3.6729286585971574,5
2199,AM91,0,216408,216522,115,56.983333333333576,17.833110774108924,1.4012194137625493,7.133333333333334,16.116666666666667,2.721458776329633,4
2200,AM91,0,216525,216598,74,36.5,15.927965237063182,0.7590488373367014,17.616666666666667,6.116666666666666,3.952668151104658,5
2201,AM91,0,216618,216672,55,27.5,10.208306094554967,7.255976146116605,17.116666666666667,20.616666666666667,4.395316743140936,3
2202,AM91,0,216692,216719,28,13.5,5.549044290802813,0.33854715885115355,6.616666666666667,20.116666666666667,2.2793680619447363,3
2203,AM91,0,216723,216768,46,22.5,6.520621573504778,2.9681624926735055,22.116666666666667,20.616666666666667,2.009820059249039,2
2204,AM91,0,216769,216816,48,24.5,14.076241603829523,7.431528012015373,21.116666666666667,21.616666666666667,3.79049512718669,2
2205,AM91,0,216854,216932,79,39.0,11.545136057052309,0.9937341398169812,16.616666666666667,7.616666666666667,3.033627460458396,3
2206,AM91,0,216951,217085,135,68.0,29.075024300204124,12.406123342513808,17.116666666666667,13.116666666666667,3.9702724708574997,5
2207,AM91,0,217096,217132,37,18.0,5.990096199033793,0.3247976960421713,18.616666666666667,12.616666666666667,2.4487988095443898,2
2208,AM91,0,217133,217184,52,26.016666666666424,5.558701620856315,0.43570860781956877,13.1,15.116666666666667,2.081713276470891,4
2209,AM91,0,217186,217242,57,29.483333333333576,9.682302300459446,0.7505415174107868,16.116666666666667,21.6,3.089874760561868,5
2210,AM91,0,217243,217278,36,17.516666666666424,3.950633526166884,0.22845444907957985,22.1,15.616666666666667,1.5820145494720994,3
2211,AM91,0,217279,217366,88,43.5,15.092911646818884,9.509040232003132,16.1,11.6,3.6085496058011586,3
2212,AM91,0,217423,217457,35,17.0,6.350225843463204,1.8511379864000344,16.6,9.6,2.4349927142767585,2
2213,AM91,0,217473,217511,39,19.0,6.00089392709625,3.90549586523899,17.6,12.6,2.199218917266083,5
2214,AM91,0,217517,217551,35,17.0,7.050931980355639,6.0762948886758945,15.6,8.6,2.204092702796734,2
2215,AM91,0,217618,217653,36,17.5,5.8555655561142865,3.8944876959080865,18.1,11.6,1.2086015637583352,2
2216,AM91,0,217711,217747,37,18.0,2.902953829837776,2.074590707192638,16.6,10.6,1.1004499412306663,2
2217,AM91,0,217762,217799,38,18.516666666666424,4.477528824275597,3.620670098825284,18.083333333333332,12.6,1.1339004658276897,2
2218,AM91,0,217867,217895,29,14.0,4.807292876209213,3.591091872188331,22.583333333333332,12.583333333333334,1.2657197692637452,2
2219,AM91,0,217964,217989,26,12.5,3.8780563885840875,2.9893564294996726,23.083333333333332,11.583333333333334,1.8510646370386004,2
2220,AM91,0,218009,218034,26,12.5,3.0637574680758304,2.5206101764319198,21.583333333333332,10.083333333333334,1.0438973693298301,2
2221,AM91,0,218047,218089,43,21.0,6.897514569152608,0.3917666874219603,16.583333333333332,13.583333333333334,1.8594990337104318,3
2222,AM91,0,218333,218380,48,23.483333333333576,4.829221012997207,0.7429956461659607,15.583333333333334,15.066666666666666,1.4498963912187457,2
2223,AM91,0,218430,218467,38,18.5,3.3558377845143506,1.1514486822709935,16.083333333333332,10.583333333333334,1.1135442415585688,2
2224,AM91,0,218528,218571,44,21.483333333333576,5.672080476859311,4.638683325244402,17.083333333333332,14.566666666666666,2.2067716928812633,2
2225,AM91,0,218630,218661,32,15.5,3.1112969257148024,0.485479285539572,20.066666666666666,11.566666666666666,1.4888054222910234,2
2226,AM91,0,218762,218808,47,23.5,10.308968976272547,6.042748531982165,16.566666666666666,16.066666666666666,2.6369728853295125,2
2227,AM91,0,218866,218897,32,15.5,2.740688803573486,0.5925638082804296,21.066666666666666,12.566666666666666,1.1711839800190427,2
2228,AM91,0,218916,218948,33,15.983333333331757,4.735917982925036,3.8420249159802555,22.066666666666666,14.05,1.8530239484142468,2
2229,AM91,0,218952,218990,39,19.5,3.8900065490336693,3.5181294472501135,16.05,11.55,1.6587699257939754,2
2230,AM91,0,219005,219047,43,21.0,3.5025611365763116,0.41550096602391956,19.05,16.05,1.536913419023728,3
2231,AM91,0,219055,219089,35,17.0,4.0373597700128245,1.06703436880692,20.05,13.05,1.6912063340872578,3
2232,AM91,0,219100,219132,33,16.5,3.7411755924349555,1.1367909590883603,18.55,11.05,1.607339883360975,2
2233,AM91,0,219149,219179,31,16.0,5.101781098087104,1.1632563068589548,19.55,11.55,2.1371082244401274,3
2234,AM91,0,219242,219276,35,17.0,2.9309660159168294,2.195130958029606,19.05,12.05,1.0497222958966657,2
2235,AM91,0,219435,219467,33,16.0,3.9542164821618,3.457879649630532,20.05,12.05,1.7644586259455786,2
2236,AM91,0,219480,219512,33,17.0,4.717823956372117,4.016054424664629,18.55,11.55,2.227398188641423,2
2237,AM91,0,219574,219611,38,18.516666666666424,3.398770635039344,1.4963211098507294,18.533333333333335,13.05,1.2694889700948622,3
2238,AM91,0,219623,219651,29,15.0,4.169524954753737,0.5219715297813129,19.033333333333335,10.033333333333333,1.5549845513317555,2
2239,AM91,0,219675,219701,27,13.0,1.144156206163457,0.23343955089511903,22.033333333333335,11.033333333333333,0.4887225515940753,2
2240,AM91,0,219768,219794,27,12.983333333333576,2.1768739946033095,0.9402972250318807,20.55,9.533333333333333,0.7295825453726855,3
2241,AM91,0,219804,219845,42,20.5,5.115350275102714,3.5026428730771992,14.533333333333333,11.033333333333333,1.26215219148794,3
2242,AM91,0,219857,219892,36,17.5,5.128308172255546,2.7862537071837377,17.033333333333335,10.533333333333333,2.248030016336619,2
2243,AM91,0,219907,219967,61,30.0,5.66019919769027,4.971433666315324,18.033333333333335,0.03333333333333333,2.5383744296311597,2
2244,AM91,0,219968,219994,27,13.0,4.436315666113418,1.0538193112775815,0.5333333333333333,13.533333333333333,2.068319812829488,2
2245,AM91,0,220000,220036,37,23.0,10.176688731031293,6.001716764205357,16.533333333333335,15.533333333333333,3.151754628716633,2
2246,AM91,0,220062,220112,51,28.0,7.565185185053945,0.5672834487734398,8.533333333333333,12.533333333333333,2.0113054265914285,3
2247,AM91,0,220118,220159,42,20.5,10.275446046158148,8.610091605543179,15.533333333333333,12.033333333333333,4.648299620530919,2
2248,AM91,0,220506,220533,28,14.0,4.019324215693947,1.3241140010018582,18.516666666666666,8.516666666666667,1.623724453167924,3
2249,AM91,0,220553,220618,66,32.5,9.479432770597064,1.8399681928006824,18.516666666666666,3.0166666666666666,3.0221217777777345,3
2250,AM91,0,220744,220771,28,13.5,2.5989327788314855,0.41037864479798736,18.016666666666666,7.516666666666667,1.056553468840429,2
2251,AM91,1,220793,220863,71,34.983333333333576,11.10655381421581,5.12746502471854,18.516666666666666,5.5,3.0441817487175777,3
2252,AM91,1,220885,220914,30,14.483333333333576,4.096641330815645,1.2572429649903711,16.516666666666666,7.0,1.8097142114884326,3
2253,AM91,1,220995,221063,69,34.016666666666424,11.069261609347793,8.400341831760247,23.5,9.516666666666667,2.6296302137080114,3
2254,AM91,1,221352,221389,38,20.0,5.760322221282681,3.024002807750387,10.5,6.5,1.8098357084427918,3
2255,AM91,1,221411,221440,30,15.5,4.132044043604271,2.6738503205020026,17.5,9.0,1.705467367430834,3
2256,AM91,1,221461,221492,32,16.5,3.4005751772364263,0.33259761880206257,19.5,12.0,1.4964063066741835,2
2257,AM91,1,221791,221821,31,15.5,2.213032463614724,1.613019817204663,15.983333333333333,7.483333333333333,0.8612467654908194,2
2258,AM91,1,221847,222021,175,88.0,28.516530207203367,1.5199836499890063,20.483333333333334,12.483333333333333,3.5238180487220987,4
2259,AM91,1,222088,222121,34,16.5,3.691082067480268,3.2551949755366656,21.966666666666665,14.466666666666667,1.550523690882381,4
2260,AM91,1,222122,222151,30,14.516666666666424,3.757764863004994,2.082389142574015,14.966666666666667,5.483333333333333,0.8026015273482052,2
2261,AM91,1,222181,222207,27,13.0,2.08668080813425,0.49171949345941035,20.466666666666665,9.466666666666667,0.5409433395095631,3
2262,AM91,1,222299,222346,48,23.5,8.38803815589186,0.18163108212472492,7.466666666666667,6.966666666666667,1.6156184134752538,4
2263,AM91,1,222406,222445,40,19.5,7.470503881798663,2.7224834861112885,12.966666666666667,8.466666666666667,1.52176519749325,2
2264,AM91,1,222450,222488,39,19.0,9.092559674440789,2.1273000457149234,10.966666666666667,5.966666666666667,2.6873399669892004,3
2265,AM91,1,222537,222569,33,17.5,8.751976997097792,3.7083543398758096,15.466666666666667,8.966666666666667,1.5517175873497406,2
2266,AM91,1,222577,222610,34,19.5,8.519393964436231,2.872127946708718,12.966666666666667,8.466666666666667,1.3113427786868135,2
2267,AM91,1,222627,222653,27,13.0,6.098440793777564,2.7068300558013965,16.966666666666665,5.966666666666667,1.1041255909850431,1
2268,AM91,1,222771,222798,28,15.516666666666424,6.861289091017832,4.8347412713326055,17.45,8.966666666666667,1.2683437221869347,1
2269,AM91,1,222860,222897,38,19.5,14.144952320684862,1.2180706624894695,20.45,15.95,3.00562002928175,2
2270,AM91,1,222905,222933,29,14.0,7.515179158474286,6.136491703264069,19.95,9.95,2.3286865206741636,2
2271,AM91,1,222943,222989,47,23.5,10.00672560399926,2.199918731920572,14.95,14.45,2.516040521025087,3
2272,AM91,1,222997,223021,25,12.0,4.576313841817335,2.902858642285983,18.45,6.45,1.5545855600739094,2
2273,AM91,1,223039,223079,41,21.5,11.837378218135711,7.524188804381992,15.45,12.95,2.5467469615008227,2
2274,AM91,1,223083,223123,41,20.0,14.929920519557133,8.977741463723557,14.95,10.95,3.827389402386891,2
2275,AM91,1,223138,223168,31,15.0,8.805392319036212,0.7880271131284963,18.45,9.45,2.1149857637308416,2
2276,AM91,1,223422,223450,29,16.5,5.040412578960189,1.7334527042994299,14.933333333333334,7.433333333333334,1.2081965930238492,4
2277,AM91,1,223611,223642,32,15.5,5.107232335907628,1.9800021064856599,16.433333333333334,7.933333333333334,1.477572365279966,2
2278,AM91,1,223664,223688,25,11.983333333333576,6.114752068046873,5.170182051583547,18.933333333333334,6.916666666666667,2.0848703316919304,3
2279,AM91,1,223756,223781,26,12.483333333333576,3.305215106038666,2.188725478403802,16.933333333333334,5.416666666666667,0.9614192146433237,3
2280,AM91,1,223960,223985,26,12.5,2.7237764438482124,0.5216347669098559,17.916666666666668,6.416666666666667,0.47923699807533904,1
2281,AM91,1,224007,224034,28,14.5,5.970195630159771,3.7867843113049333,17.416666666666668,7.916666666666667,1.681310351346208,2
2282,AM91,1,224074,224128,55,30.0,21.269976468628286,5.485531649601247,9.416666666666666,15.416666666666666,2.704270149338963,2
2283,AM91,1,224158,224216,59,33.0,25.41772965342563,7.405986104752393,13.416666666666666,22.416666666666668,2.5974663353554486,1
2284,AM91,1,224248,224282,35,18.0,7.3936723664792785,2.2359378811516146,17.4,11.4,2.9159154346254796,2
2285,AM91,1,224283,224320,38,18.483333333333576,13.848817390704669,9.9815370531349,11.916666666666666,6.4,3.680408747569745,2
2286,AM91,1,224377,224401,25,13.0,7.5798086406494125,3.0364591311242957,18.9,7.9,1.7457136819486267,2
2287,AM91,1,224475,224509,35,19.0,14.254285202969887,1.9800724454634613,13.9,8.9,3.017665024600907,2
2288,AM91,1,224519,224573,55,28.516666666666424,18.9153478563625,6.796387824765855,13.9,18.416666666666668,2.933355601195063,5
2289,AM91,1,224576,224607,32,16.0,15.682070221766235,11.673630080948838,19.9,11.9,2.6966359777384423,2
2290,AM91,1,224811,224839,29,16.483333333333576,10.473841855435506,5.45985469581413,13.4,5.883333333333333,2.1653381861792926,2
2291,AM91,1,224864,224888,25,13.0,12.34531186614532,10.55893689004742,20.883333333333333,9.883333333333333,3.36363809248853,2
2292,AM91,1,225101,225126,26,12.5,4.217114881633032,2.0811635809945024,17.383333333333333,5.883333333333333,1.1348439271551334,2
2293,AM91,1,225307,225331,25,19.0,10.510741312484308,5.6237110526180265,13.383333333333333,8.383333333333333,3.0722027010837634,2
2294,AM91,1,225347,225402,56,37.0,23.14364354785022,9.060290835897579,16.366666666666667,5.366666666666666,2.8219733491640215,1
2295,AM91,1,225606,225646,41,20.0,17.732100815443445,4.498757531578423,12.366666666666667,8.366666666666667,3.2788210765168313,4
2296,AM91,1,225659,225685,27,13.5,15.010180072810064,7.287685058235539,14.866666666666667,4.366666666666666,3.927125051975961,2
2297,AM91,1,225706,225736,31,15.5,9.158522547389117,6.422503214524864,14.866666666666667,6.366666666666666,3.246856379826065,3
2298,AM91,1,225765,225789,25,12.0,10.156884649286544,6.211144810346777,23.366666666666667,11.366666666666667,2.4010751285285545,1
2299,AM91,1,225918,225950,33,17.0,17.42553288569278,11.118455917410023,13.35,6.35,2.551947102749829,1
2300,AM91,1,225968,225993,26,15.0,19.786527940185056,12.129341440342897,16.35,7.35,4.49416240173331,2
2301,AM91,1,226008,226033,26,12.483333333333576,5.312720061837482,3.258899451445127,14.866666666666667,3.35,1.3004321304348798,2
2302,AM91,1,226238,226264,27,13.0,8.96510452494987,2.4109256678646545,17.35,6.35,1.1773975183843897,1
2303,AM91,1,226289,226313,25,12.0,4.3888671384184725,1.8018266943298955,18.85,6.85,1.2373654157362723,2
2304,AM91,1,226331,226361,31,15.0,9.26691396536038,7.072994423187282,15.85,6.85,3.108952077133153,2
2305,AM91,1,226416,226449,34,16.5,8.655549254064487,3.7761786159517667,16.333333333333332,8.833333333333334,1.4885201487842474,2
2306,AM91,1,226456,226506,51,25.016666666666424,11.541218068631412,1.0393353739008762,12.333333333333334,13.35,2.84753437024991,4
2307,AM91,1,226513,226545,33,16.0,7.45922967574453,1.6603027744666663,16.85,8.85,1.7386390794424815,2
2308,AM91,1,226558,226587,30,14.5,9.616722548281075,3.3341543316615496,15.333333333333334,5.833333333333333,2.8535465254476975,2
2309,AM91,1,226607,226644,38,18.5,9.511468495999058,3.836342441922464,15.833333333333334,10.333333333333334,2.9677539138327393,3
2310,AM91,1,226656,226686,31,15.0,8.09050512131895,0.9904151290850145,16.333333333333332,7.333333333333333,2.592763356823027,3
2311,AM91,1,226761,226796,36,17.5,8.257868932099973,1.9465102663134286,16.833333333333332,10.333333333333334,2.9599086020945697,3
2312,AM91,1,226808,226839,32,15.5,7.440106665915605,3.6065506796494375,16.333333333333332,7.833333333333333,2.1723902576579626,2
2313,AM91,1,226850,226874,25,17.0,9.450059066787848,7.889025176263011,13.333333333333334,6.333333333333333,2.448852336238706,2
2314,AM91,1,226898,226930,33,17.0,7.0436691511555845,1.050472702709934,18.333333333333332,11.333333333333334,1.823550361725336,3
2315,AM91,1,226978,227014,37,18.016666666666424,7.156229272028862,2.6057695389373783,18.316666666666666,12.333333333333334,2.466030271493466,3
2316,AM91,1,227052,227093,42,22.0,13.487030639906406,0.558594458924165,13.316666666666666,11.316666666666666,2.6948490411704795,4
2317,AM91,1,227206,227232,27,15.5,7.4068825473308095,2.2284116351812133,14.816666666666666,6.316666666666666,1.4882489240496135,2
2318,AM91,1,227253,227280,28,14.0,9.251018618561861,3.661874719684549,16.816666666666666,6.816666666666666,1.4396117086415934,1
2319,AM91,1,227509,227552,44,21.5,6.988927036362701,5.079008344291153,16.3,13.8,2.573524828190183,3
2320,AM91,1,227875,227908,34,16.5,4.518797741991312,2.9735019576660147,14.283333333333333,6.783333333333333,1.0750245541587296,2
2321,AM91,0,228044,228077,34,17.5,8.952246773075665,4.735645860352923,15.783333333333333,9.283333333333333,2.7647561810712102,2
2322,AM91,0,228091,228119,29,14.0,4.8663629135217485,3.014037826320138,17.783333333333335,7.783333333333333,2.1469752556407924,3
2323,AM91,0,228168,228193,26,15.5,5.422417444344703,1.7880541591818944,17.283333333333335,8.783333333333333,2.5421620581539845,2
2324,AM91,0,228256,228286,31,15.0,12.376793418734104,9.7099759442467,18.266666666666666,9.266666666666667,4.113396893616191,2
2325,AM91,0,228292,228322,31,15.016666666666424,8.036698273736373,3.111274125098819,19.266666666666666,10.283333333333333,2.9393280420600765,3
2326,AM91,0,228346,228374,29,14.0,8.835233610545707,0.9626959882376239,22.266666666666666,12.266666666666667,4.05875446817352,2
2327,AM91,0,228384,228418,35,17.0,6.518618026094872,1.506056285453686,17.283333333333335,10.283333333333333,2.4027471045838515,3
2328,AM91,0,228422,228462,41,20.0,9.339700540290869,2.3542704556008185,12.266666666666667,8.266666666666667,1.735206867650239,3
2329,AM91,0,228478,228544,67,33.0,19.575447212657313,6.12885968329838,16.266666666666666,1.2666666666666666,4.417178206718469,4
2330,AM91,0,228674,228723,50,24.5,9.372823696569212,1.5939423926151237,11.766666666666667,12.266666666666667,3.195749740535451,4
2331,AM91,0,228725,228771,47,23.0,6.608358793540189,0.2751571321014597,13.266666666666667,12.266666666666667,2.5401972445080903,5
2332,AM91,0,228819,228844,26,12.516666666666424,3.579018134410782,1.639459628572041,3.25,15.766666666666667,1.746213250870956,2
2333,AM91,0,228915,228954,40,19.483333333333576,7.417742864817668,0.4072769843899842,21.766666666666666,17.25,2.3357691899938113,1
2334,AM91,0,228956,229034,79,39.0,14.597375680258105,5.899412425965625,18.25,9.25,3.30540177442391,5
2335,AM91,0,229047,229087,41,21.5,10.969869182888653,0.4983700618516133,15.75,13.25,1.9892672308114412,3
2336,AM91,0,229101,229132,32,15.5,4.6225571970402495,2.0565212244394875,20.25,11.75,1.9284815183604105,3
2337,AM91,0,229150,229182,33,20.0,7.922321743402276,6.9035706279898195,20.75,16.75,1.7731067128727473,2
2338,AM91,0,229235,229264,30,14.5,5.916811276087104,4.135166946908386,20.75,11.25,2.056154164030938,2
2339,AM91,0,229276,229314,39,22.983333333333576,12.422783298598832,8.422984010373312,17.266666666666666,16.25,2.813112136531794,3
2340,AM91,0,229412,229448,37,20.5,6.886155332248101,4.112510597356414,16.233333333333334,12.733333333333333,2.760969250101818,3
2341,AM91,0,229452,229489,38,19.5,5.964684580723633,1.0739222709374916,16.233333333333334,11.733333333333333,2.4091778681828364,2
2342,AM91,0,229492,229525,34,21.5,9.75570588135867,1.9578507391667388,13.233333333333333,10.733333333333333,3.585136425003399,3
2343,AM91,0,229531,229566,36,20.983333333333576,10.610473418319655,5.785623551148259,15.75,12.733333333333333,3.166460761964902,3
2344,AM91,0,230072,230127,56,27.5,8.5765341647785,6.3634354229390455,18.216666666666665,21.716666666666665,2.2193723144334996,3
2345,AM91,0,230230,230266,37,21.5,6.580061499864688,1.2806774588076362,15.716666666666667,13.216666666666667,1.8161445153957247,2
2346,AM91,0,230281,230306,26,14.5,4.9278846062305215,2.586083282811685,22.216666666666665,12.716666666666667,2.1824522237035775,2
2347,AM91,0,230310,230342,33,17.5,6.074378205331354,1.4570784447432894,16.216666666666665,9.716666666666667,1.8931004596218317,3
2348,AM91,0,230470,230513,44,21.5,5.530545043683407,2.1847492613495954,19.216666666666665,16.716666666666665,1.7983025959894356,2
2349,AM91,0,230516,230554,39,19.0,5.106835822900494,4.379782697065275,18.2,13.2,2.1245726510757037,2
2350,AM91,0,230558,230598,41,20.0,5.098237586473251,4.403296698048101,15.2,11.2,2.1874813492025504,3
2351,AM91,0,230719,230746,28,13.5,5.550111483497641,3.864494261769486,23.7,13.2,2.361175656677182,2
2352,AM91,0,230751,230793,43,21.0,7.33014341116171,5.60598117202635,15.7,12.7,2.5084944969556022,3
2353,AM91,0,230843,230878,36,17.5,7.879582288717753,1.2417437619986387,15.2,8.7,1.7596512489918577,4
2354,AM91,0,230989,231020,32,15.5,5.898091959779365,1.883000050397337,16.2,7.7,1.8847333282492014,3
2355,AM91,0,231287,231339,53,31.983333333333576,10.386466447559794,8.529270259597231,12.7,20.683333333333334,3.5937535101867546,3
2356,AM91,0,231444,231487,44,21.5,6.678195880106868,1.0504588239125474,22.183333333333334,19.683333333333334,2.622404661796002,4
2357,AM91,0,231489,231527,39,19.0,6.529463198828488,0.6908125769518271,20.683333333333334,15.683333333333334,2.618792145508691,2
2358,AM91,0,231530,231572,43,21.0,6.992248155603731,3.273065836257785,17.183333333333334,14.183333333333334,2.871298639059326,4
2359,AM91,0,231585,231613,29,14.0,3.7535615851829087,1.8015816405907927,20.683333333333334,10.683333333333334,1.6324004368039693,2
2360,AM91,0,231632,231657,26,12.5,2.802723358310834,0.3040304549143429,20.183333333333334,8.683333333333334,1.2320440554849859,3
2361,AM91,0,231719,231750,32,15.5,3.0323805154407375,0.4672783985418396,16.683333333333334,8.183333333333334,1.0256572047273405,2
2362,AM91,0,231955,231986,32,15.5,4.583806371531938,0.6091383905455594,19.666666666666668,11.166666666666666,1.4828933224518688,2
2363,AM91,0,232112,232157,46,22.5,5.532205133559289,4.651774826356309,18.666666666666668,17.166666666666668,2.172774488430604,2
2364,AM91,0,232172,232203,32,15.5,5.868251069984102,1.4186229079994568,0.6666666666666666,16.166666666666668,2.423789937212037,2
2365,AM91,0,232216,232244,29,18.0,4.94441571277893,0.5343894807950494,22.666666666666668,16.666666666666668,2.1884543469745545,3
2366,AM91,0,232380,232417,38,18.5,2.952088795580414,1.8012326474659712,18.15,12.65,1.1430836085573035,3
2367,AM93,0,232549,232590,42,44.5,15.277787528861769,1.2820691310863588,12.5,9.0,3.116407597029604,1
2368,AM93,0,232615,232658,44,21.5,10.13814212361756,1.7393996994587289,18.5,16.0,3.791750670303044,4
2369,AM93,0,232663,232694,32,15.5,8.621791698821367,0.8474943706943865,18.5,10.0,3.526482415134466,3
2370,AM93,0,232709,232742,34,16.5,4.194266322932664,1.6623913972101452,17.5,10.0,1.2152456455281984,2
2371,AM93,0,232776,232815,40,36.5,13.836466793128878,2.0147228825869807,18.5,7.0,4.648039204082665,2
2372,AM93,0,232834,232908,75,46.0,16.69725917694263,10.39646271240248,19.0,17.0,4.2311847645284875,5
2373,AM93,0,232910,232956,47,25.5,7.799049979782648,3.6886196321100835,18.0,19.5,2.2137266104680435,3
2374,AM93,0,232957,233054,98,48.5,18.70201155342415,5.636164993462171,20.0,20.5,2.7867241125909206,5
2375,AM93,0,233055,233097,43,23.5,8.297692685612304,0.9181168784918659,21.0,20.5,3.015119462829772,3
2376,AM93,0,233098,233229,132,71.0,24.474953953807375,0.7104236697441757,21.0,20.0,3.7300843668865036,5
2377,AM93,0,233231,233318,88,43.5,18.03068497363131,11.388102086688717,21.0,16.5,3.5340927797964574,5
2378,AM93,0,233322,233352,31,17.5,10.756087583408746,4.238814308895896,18.5,12.0,3.441290436848257,2
2379,AM93,0,233372,233454,83,47.0,17.27274301171881,9.471902294461579,20.5,19.5,3.8831346114785816,3
2380,AM93,0,233456,233620,165,86.5,27.48996083954516,5.2904437922836856,20.5,11.0,2.7644886376716684,5
2381,AM93,0,233621,233757,137,71.98333333333335,19.097929068031064,3.7324789930977436,11.516666666666667,11.5,3.1141764629104762,5
2382,AM93,0,233762,233816,55,27.0,8.417203693185268,3.6139801373857683,16.0,19.0,2.408704668741543,2
2383,AM93,0,233817,233882,66,36.5,7.5409549593149485,3.7653555865671544,19.5,8.0,1.4501668162606622,5
2384,AM93,0,233949,233977,29,14.0,3.4150510731077004,1.460916718197848,19.0,9.0,1.0697997717947099,3
2385,AM93,0,233989,234184,196,99.0,35.59231234568518,3.727517302240654,15.5,18.5,3.722695282125466,5
2386,AM93,0,234185,234301,117,63.5,16.68618389287775,3.5542394846359087,19.0,10.5,1.693357802143415,5
2387,AM93,0,234311,234348,38,18.48333333333335,3.8797867198393425,1.2476275116238948,15.516666666666667,10.0,1.279494697952028,3
2388,AM93,0,234750,234789,40,22.0,10.264830969916053,6.227157870279138,16.5,14.5,2.7067334748959118,2
2389,AM93,0,234816,234863,48,39.0,13.153648677868187,8.903938109098434,23.0,14.0,2.4131523267267925,1
2390,AM93,1,234892,234919,28,39.5,9.777557186384758,0.5794007873940507,18.0,9.5,1.6978091667808108,1
2391,AM93,1,235036,235062,27,40.0,14.386577670537767,6.2561712031278445,0.5,16.5,2.586024320258425,1
2392,AM93,1,235127,235152,26,43.5,13.337553078480322,1.0921052123318733,16.5,12.0,2.486004392626935,1
2393,AM93,1,235178,235225,48,41.5,19.59508775486795,11.038751491080108,14.5,8.0,3.591393765052993,4
2394,AM93,1,235238,235273,36,17.5,12.986009662589641,11.402237684849993,14.5,8.0,3.0456365524057207,2
2395,AM93,1,235295,235320,26,12.5,6.841990150297105,6.3867464829412,19.0,7.5,2.200734015692275,2
2396,AM93,1,235331,235364,34,16.5,6.682199953788845,0.7749330361251391,13.0,5.5,1.4552914839734947,2
2397,AM93,1,235464,235490,27,13.0,7.504458400577504,1.619593316881755,17.0,6.0,2.391901085481911,3
2398,AM93,1,235511,235539,29,16.0,8.917081930217451,1.8169914470968977,17.5,9.5,1.2340791362984447,1
2399,AM93,1,235670,235700,31,15.0,8.286562371311799,1.4948318998972108,16.5,7.5,2.096071950736369,2
2400,AM93,1,235718,235748,31,16.01666666666688,11.531009953718922,2.612634327918891,16.5,8.516666666666667,3.246182999098831,3
2401,AM93,1,235768,235799,32,15.5,6.4375961838195765,1.0512907833218772,18.5,10.0,0.979964244860458,1
2402,AM93,1,235814,235843,30,14.5,10.555505569456272,0.8285289949831328,17.5,8.0,2.0639889770040787,1
2403,AM93,1,235881,235908,28,53.5,30.143846566264703,14.965954883704136,4.5,10.0,3.9547313692259127,1
2404,AM93,1,235952,235985,34,37.98333333333312,16.479948568607835,12.058622437666957,17.016666666666666,7.0,3.2108825027809216,2
2405,AM93,1,236218,236242,25,12.0,6.259075603678689,1.8658916676399344,18.0,6.0,2.0685087176005634,2
2406,AM93,1,236504,236528,25,12.0,7.536942456955243,3.5618289250687476,13.5,1.5,1.777198935538728,1
2407,AM93,1,236957,237032,76,90.0,47.57905461932301,8.527097501046018,17.0,11.0,3.151766471012925,1
2408,AM93,1,237036,237075,40,26.5,10.993690831910694,0.241783142487843,13.0,15.5,2.528569109627346,2
2409,AM93,1,237153,237251,99,116.5,39.81761232848308,6.995317085682421,17.0,13.5,3.902284499232135,1
2410,AM93,1,237252,237277,26,13.516666666666879,6.254935214831942,4.585365746180128,17.0,6.516666666666667,3.010431736458279,1
2411,AM93,1,237295,237322,28,13.5,4.551477428408171,1.7453358285935574,17.0,6.5,0.7567794885172344,2
2412,AM93,1,237581,237608,28,13.5,8.002759614927108,1.0499240028545294,18.0,7.5,1.342765979407238,1
2413,AM93,1,237645,237680,36,17.5,9.614013075862744,2.605327359392109,14.5,8.0,1.1699790768357754,2
2414,AM93,1,237815,237841,27,13.0,4.49081235089283,1.6803656623639953,18.0,7.0,1.0598897338187014,2
2415,AM93,1,237908,237942,35,17.0,5.67670015185014,0.6546675929862438,16.0,9.0,1.0961604997116026,2
2416,AM93,1,238084,238112,29,22.0,9.016703878647341,4.018005221592485,22.0,20.0,1.4597512707294817,1
2417,AM93,1,238199,238235,37,18.0,6.333061001603884,1.9092261069858716,17.0,11.0,1.605012318828017,2
2418,AM93,1,238375,238406,32,15.516666666666424,7.3110967900967525,1.3715579336729835,17.5,9.016666666666667,1.6127389486351185,2
2419,AM93,1,238421,238455,35,18.5,6.514378513325174,2.4244171220285207,16.5,11.0,1.5090687115709551,4
2420,AM93,1,238834,238859,26,12.5,3.8866705004010713,2.1268369028577627,20.0,8.5,2.030135855073871,1
2421,AM93,1,238876,238900,25,13.5,7.315622064399907,4.554126272863348,17.0,6.5,1.3212018067985465,1
2422,AM93,1,239209,239240,32,21.0,7.612692742404953,1.6148845932770577,21.0,18.0,1.44919589120502,2
2423,AM93,1,239244,239268,25,13.0,5.181034837668755,1.2491423696420412,22.0,11.0,1.2779696468038173,2
2424,AM93,0,240175,240203,29,19.0,6.493237596100711,3.4100670091224963,16.0,11.0,2.3790539945682205,2
2425,AM93,0,240216,240244,29,14.0,3.558649804722127,2.846199915435078,18.5,8.5,1.2636601800241176,2
2426,AM93,0,240246,240315,70,34.5,13.106594336044834,3.7226695557580043,9.5,20.0,2.523778474835425,5
2427,AM93,0,240316,240482,167,83.0,26.56723657894912,3.8828137830574736,20.5,7.5,2.3597236427265362,5
2428,AM93,0,240495,240543,49,24.0,7.428011805064839,2.6260826508157473,14.0,14.0,1.571219432863152,4
2429,AM93,0,240544,240602,59,29.0,14.696400067958754,9.33738140053074,14.5,19.5,4.37591107562927,3
2430,AM93,0,240621,240658,38,18.5,10.865267663537116,8.454916928133175,1.0,19.5,3.5292093948737686,3
2431,AM93,0,240695,240724,30,14.5,10.22408449077062,4.857459473049721,14.0,4.5,3.0352545229600723,3
2432,AM93,0,240733,240848,116,81.0,38.254335749443534,8.887381581586194,9.0,18.0,3.2244226350947667,3
2433,AM93,0,240849,240877,29,21.0,7.710616737284779,5.245009501616101,18.5,15.5,2.5560752944119964,3
2434,AM93,0,240884,240944,61,40.5,16.046454867270754,5.5325187875834265,19.0,11.5,2.8814870244723645,4
2435,AM93,0,240945,240984,40,22.983333333333576,8.669626260337864,0.23159636424465352,12.016666666666667,11.0,3.258293397846099,3
2436,AM93,0,240997,241105,109,65.5,27.731631137735235,0.5587296597008803,17.5,11.0,3.010837602433425,5
2437,AM93,0,241108,241140,33,22.0,9.247576078883489,0.39766337623257025,12.5,10.5,2.8326674965895897,3
2438,AM93,0,241142,241203,62,44.0,15.924586531800164,6.0414578386669735,11.5,7.5,2.765354020945336,3
2439,AM93,0,241209,241296,88,43.5,25.630137078199184,12.203420854560793,10.5,6.0,3.6366536485817527,5
2440,AM93,0,241337,241387,51,58.0,28.130324571893702,2.501744772054768,2.0,12.0,5.917572860296984,2
2441,AM93,0,241389,241415,27,42.0,18.586648738073695,16.017383438077466,14.0,8.0,5.17996477622819,2
2442,AM93,0,241416,241441,26,35.5,17.953208036312546,16.790101284485697,8.5,20.0,5.5785894266826705,3
2443,AM93,0,241464,241489,26,41.0,11.919417662598407,2.7964024805169707,18.0,11.0,3.8058370812036837,2
2444,AM93,0,241498,241526,29,40.5,9.618052921133271,2.109053583647976,19.0,11.5,3.6718639738429104,2
2445,AM93,0,241530,241620,91,88.5,27.811815734391907,3.356512043998367,19.0,11.5,6.209678310599387,4
2446,AM93,0,241621,241674,54,56.5,15.339915738999444,11.727508883809998,12.0,20.5,3.5308162330784887,2
2447,AM93,0,241677,241831,155,81.0,34.45800714757158,4.576782079473918,22.0,7.0,4.495536986014237,5
2448,AM93,0,241859,241889,31,41.5,9.873444027005089,1.4658029415710883,23.5,17.0,3.6020800379887694,2
2449,AM93,0,241892,241926,35,40.5,11.616143802197975,0.8908365062195766,19.5,12.0,3.993140484525434,2
2450,AM93,0,241929,241969,41,43.5,12.81182273429715,1.6537811726924951,17.5,13.0,4.044133857102604,2
2451,AM93,0,241976,242016,41,44.0,11.13571481394102,7.665442253211555,23.0,19.0,3.6076166378787873,3
2452,AM93,0,242111,242140,30,40.5,9.829260198176659,8.905840693764867,22.5,15.0,3.4658819150761424,3
2453,AM93,0,242141,242170,30,40.0,14.366334499861804,1.0768507227903112,18.5,10.5,3.291138290102649,2
2454,AM93,0,242175,242199,25,29.983333333333576,10.473319263583653,7.7120932626106935,15.016666666666667,21.0,4.18704471465984,3
2455,AM93,0,242201,242306,106,60.0,17.160000382164508,0.5551363608443476,22.0,10.0,2.352562781727247,4
2456,AM93,0,242307,242342,36,47.5,15.764484722606339,10.018411560840443,10.5,10.0,2.8379605184591132,3
2457,AM93,0,242362,242439,78,43.5,17.352322379986074,9.483205404645876,18.0,13.5,4.206683681443826,5
2458,AM93,0,242444,242521,78,71.0,18.59916044630792,0.540882839171508,16.0,15.0,2.7475433059737773,5
2459,AM93,0,242523,242584,62,30.5,10.280302413146902,0.5454047470476503,16.0,22.5,3.106163315978297,3
2460,AM93,0,242585,242616,32,15.5,3.43131413138995,0.31640467493662794,23.0,14.5,1.601871108760859,3
2461,AM93,0,242619,242711,93,46.0,18.22128002864335,9.246754738098135,16.0,14.0,3.33799733999374,5
2462,AM93,0,242716,242752,37,18.0,3.2128440909518035,0.299058414727475,16.5,10.5,1.2771135854866467,3
2463,AM93,0,242778,242810,33,16.0,6.947440118620414,6.113527813483147,23.5,15.5,2.723363401397274,3
2464,AM93,0,242855,242942,88,44.0,7.345178298566622,3.572180593919125,17.0,13.0,1.5108859358580564,4
2465,AM93,0,242943,243011,69,34.5,11.106221439258146,8.913482701876996,13.5,0.0,4.175287105367173,4
2466,AM93,0,243103,243157,55,37.5,18.843899717332427,10.990757959623982,22.5,12.0,3.444954469130366,1
2467,AM93,0,243161,243208,48,28.0,11.299515136795323,9.160047192807864,18.0,22.0,4.365571699548749,2
2468,AM93,0,243301,243355,55,27.0,10.526749381213119,8.434866854606659,23.0,2.0,3.4605567521598215,3
2469,AM93,0,243358,243415,58,29.0,5.3286880210599845,3.811685722436992,3.5,8.5,1.489893759596114,4
2470,AM93,0,243437,243462,26,12.5,3.5632425546427937,1.5442685571502737,21.0,9.5,1.8095891988782975,3
2471,AM93,0,243472,243533,62,34.5,10.582951211539239,9.190466594434334,14.5,1.0,4.500800069179975,2
2472,AM93,0,243714,243878,165,94.0,19.955478297939102,7.539189773529884,21.0,19.0,4.565330390788748,5
2473,AM93,0,243879,243941,63,42.5,13.438261132957374,9.208513831023282,19.5,14.0,4.073569408457079,3
2474,AM93,0,243997,244031,35,45.5,13.455945643289851,10.005257864205417,16.5,14.0,3.5799568530233365,3
2475,AM93,0,244035,244062,28,40.0,8.092302293301437,7.120447849711886,22.0,14.0,3.2781006335236547,3
2476,AM93,0,244078,244111,34,45.5,12.957186306031497,0.7872128534455556,14.5,12.0,3.5057845436120125,2
2477,AM93,0,244187,244348,162,84.5,16.687363972567113,10.874828674544036,21.5,10.0,3.7659864221776087,5
2478,AM93,0,244367,244406,40,22.0,5.783032184773665,4.031288777412519,19.5,17.5,1.5265982460076908,4
2479,AM93,0,244407,244490,84,41.5,9.220882680806502,4.2198484478999685,18.0,11.5,3.551409822904166,4
2480,AM93,0,244500,244533,34,16.5,4.291432041153384,1.5319314705985583,16.5,9.0,2.0962878080953455,3
2481,AM93,0,244548,244585,38,26.5,5.705956713607724,1.29010474474776,16.5,19.0,2.1882065028773905,2
2482,AM93,0,244617,244653,37,25.0,7.866558883947413,3.3840164771550314,13.5,14.5,2.8455367193887064,3
2483,AM93,0,244654,244679,26,15.516666666666424,4.625914662332439,1.0469214335764163,18.0,9.516666666666667,2.1531145463516284,2
2484,AM93,0,244692,244724,33,19.0,5.770983245653645,4.212627033471953,17.0,12.0,2.4743224239484714,2
2485,AM93,1,244966,244992,27,29.0,10.036936244221222,9.590157715218176,18.5,23.5,3.3243980169912675,3
2486,AM93,1,245024,245059,36,19.0,2.585692403223819,1.62177763448159,17.0,12.0,0.8021239496815357,3
2487,AM93,1,245073,245098,26,12.5,1.8248284075305496,0.9941448387665869,19.0,7.5,0.7317195112846886,3
2488,AM93,1,245118,245152,35,18.5,4.484836758226418,0.8166539899137988,17.5,12.0,1.6069182329340872,3
2489,AM93,1,245164,245200,37,18.0,4.857925926427828,1.397426880804717,18.0,12.0,1.5299487488970154,2
2490,AM93,1,245212,245238,27,13.0,3.647903564284928,2.0294607127445037,18.5,7.5,1.1303713628057488,3
2491,AM93,1,245251,245282,32,17.0,4.801853309577501,1.5814321295736666,16.5,9.5,1.5319714876611765,3
2492,AM93,1,245300,245353,54,26.5,7.510572681727901,5.646532994919004,18.5,21.0,1.5745488935809782,2
2493,AM93,1,245381,245430,50,24.5,6.4406092551218,0.23122729056368257,16.0,16.5,1.3613774721591472,2
2494,AM93,1,245476,245506,31,15.0,4.695650496045448,2.742993984357539,18.0,9.0,1.004522388614965,2
2495,AM93,1,245522,245557,36,17.5,7.061302737731516,6.290227849955001,17.5,11.0,2.664862369741402,2
2496,AM93,1,245563,245594,32,17.016666666666424,9.493851432131686,5.139196489613679,21.0,14.016666666666667,3.084459423670019,1
2497,AM93,1,245619,245653,35,17.016666666666424,4.055507223427019,3.5555878179159475,15.5,8.516666666666667,1.4839701304424093,3
2498,AM93,1,245672,245705,34,16.5,4.7535404829833565,0.5229809614942567,19.5,12.0,1.089938611455928,2
2499,AM93,1,245784,245817,34,19.5,4.913241528038251,2.8357723234665038,14.0,9.5,1.5071542205270148,2
2500,AM93,1,245827,245853,27,14.516666666666424,2.9943803332354566,1.9327028339823165,16.0,6.516666666666667,1.190251838211254,3
2501,AM93,1,245872,245916,45,22.0,10.364210848449192,8.025730550892884,17.5,15.5,3.255198227336618,3
2502,AM93,1,245919,245972,54,43.5,10.948589911638862,7.949199615373299,18.0,13.5,2.7363973868418827,2
2503,AM93,1,245979,246008,30,17.5,4.0150999018738505,0.5679595669602426,17.0,10.5,1.1838967237757831,2
2504,AM93,1,246017,246048,32,16.5,4.895374708624412,3.408988644542337,16.0,8.5,2.0300278628788053,2
2505,AM93,1,246173,246202,30,44.0,13.335220735877959,3.0152198793373306,18.0,14.0,1.9819409998143989,2
2506,AM93,1,246221,246285,65,41.5,18.71501416432182,6.122712418165161,15.0,8.5,1.5339376256661887,2
2507,AM93,1,246300,246328,29,14.0,6.245115964099088,0.7037603690281824,16.0,6.0,1.1032509574944362,2
2508,AM93,1,247056,247098,43,32.5,16.744818492580123,8.18817970279141,8.5,17.0,1.8882561362023695,2
2509,AM93,1,247105,247135,31,21.5,10.319203978107005,4.583010301882018,9.0,6.5,1.7731871781312925,2
2510,AM93,1,247195,247219,25,23.0,14.400537485239424,7.957758121076331,0.0,23.0,2.4714818627319035,1
2511,AM93,1,247342,247382,41,31.0,17.78273540342932,6.6391774093528655,13.0,20.0,3.050203721719905,4
2512,AM93,1,247384,247411,28,13.5,12.647345815128904,9.625052087497028,22.5,12.0,2.7935564134818085,1
2513,AM93,1,247630,247658,29,15.5,8.920858810651694,5.203007835101366,13.5,5.0,2.1848782506889344,2
2514,AM93,1,247689,247716,28,13.5,17.83846030730695,11.044093903829264,20.5,10.0,3.1626210990590873,1
2515,AM93,1,247778,247803,26,18.0,12.256721616722842,2.733596690564241,14.5,8.5,3.219033307829038,2
2516,AM93,1,247909,247946,38,41.0,19.10952426528476,4.15574458276578,17.0,10.0,4.026262527751456,2
2517,AM93,1,247988,248015,28,15.5,8.357576166120495,5.754963259171957,15.5,7.0,2.5171517764815476,2
2518,AM93,1,248027,248054,28,22.0,14.585815354511004,7.189001945835119,13.0,11.0,2.823947636207143,2
2519,AM93,1,248327,248354,28,18.516666666666424,9.930376158918454,2.2684193666484243,15.5,10.016666666666667,2.627811639168202,2
2520,AM93,1,248359,248394,36,20.0,13.2448627946167,5.604071719929663,16.0,12.0,2.887023671296498,2
2521,AM93,1,248436,248461,26,16.5,15.676101301423534,10.668938885919314,13.5,6.0,2.5617263972542594,1
2522,AM93,1,248561,248606,46,44.0,19.408565114257648,7.157728408652175,11.5,7.5,2.951439908998391,2
2523,AM93,1,248743,248778,36,45.5,37.573147238750714,5.142205572400597,12.5,10.0,3.822017444281965,2
2524,AM93,1,248833,248858,26,17.0,7.362164790506101,2.173702606406609,15.5,8.5,1.7092479211218818,3
2525,AM93,1,248891,248916,26,16.0,9.322683807258212,1.6679696048379937,14.5,6.5,1.4082702811085501,2
2526,AM93,1,248979,249003,25,13.5,4.486650786527991,0.9750824048197928,18.0,7.5,1.6960253309490487,2
2527,AM93,1,249069,249097,29,17.5,9.053757820533306,7.391742443936117,14.5,8.0,2.556266463601905,2
2528,AM93,1,249114,249151,38,22.5,6.874734698587683,0.6934102620482668,18.0,16.5,1.6328309758289654,1
2529,AM93,1,249219,249256,38,22.0,12.352468074789472,1.6673349947182654,14.0,12.0,2.88349542642677,4
2530,AM93,1,249395,249427,33,16.0,8.122301194536803,0.6139127461944849,15.5,7.5,1.5341813629790764,2
2531,AM93,1,249446,249472,27,13.0,5.5777004095727785,1.8137943783789416,18.5,7.5,2.1083149359811757,3
2532,AM93,1,249475,249512,38,43.0,13.775339389666161,10.445055476181697,13.5,8.5,2.080509187805382,1
2533,AM93,1,249517,249548,32,26.0,14.40456870201878,7.8709072568392004,18.0,20.0,1.3851956706721502,1
2534,AM93,1,249744,249771,28,38.5,9.632705920068569,4.561777326488686,21.5,12.0,2.214216040744725,2
2535,AM93,0,250310,250349,40,23.5,8.403437484728865,0.5029633670430828,16.0,15.5,2.6295862284221623,3
2536,AM93,0,250350,250403,54,41.5,12.175406912145343,1.351828484194782,17.0,10.5,2.7709854176366373,5
2537,AM93,0,250404,250507,104,74.0,21.558793474645125,0.5895168868914079,12.0,14.0,2.8948862760774103,4
2538,AM93,0,250509,250540,32,17.0,8.40244050557774,5.571248640938836,16.5,9.5,2.723506944089328,3
2539,AM93,0,250552,250586,35,17.016666666666424,4.443018901494735,0.4943183755137549,15.5,8.516666666666667,1.6117519113437817,3
2540,AM93,0,250680,250726,47,36.016666666666424,14.443603716869179,12.186655785425485,16.0,4.016666666666667,4.129130380811873,2
2541,AM93,0,251017,251059,43,54.5,18.709826021363572,11.140526071639592,5.0,11.5,2.116132488247545,2
2542,AM93,0,251118,251156,39,19.0,9.420615282466594,6.484648649053897,16.0,11.0,3.5206762950256065,3
2543,AM93,0,251172,251200,29,18.0,9.773840302483515,2.580692891213819,17.0,11.0,4.55723091094765,3
2544,AM93,0,251224,251256,33,18.5,9.729909831517293,8.978419236863493,22.5,17.0,3.7093451160064084,4
2545,AM93,0,251263,251294,32,15.5,4.462831670504957,2.663755634841701,20.5,12.0,1.7038163224460137,2
2546,AM93,0,251303,251337,35,18.5,7.536539449766501,0.3616660113462686,16.5,11.0,2.7173467674982716,3
2547,AM93,0,251408,251433,26,32.5,7.567017729268032,4.767295895051306,14.5,23.0,1.8679416095746975,2
2548,AM93,0,251605,251684,80,97.5,28.134437604774742,2.112307727694372,16.5,18.0,3.7488359929995694,2
2549,AM93,0,251713,251744,32,25.0,7.779656701339631,2.8166654475797563,15.0,16.0,2.8302709745837746,2
2550,AM93,0,251745,251792,48,43.53333333333285,14.52021052301561,4.380572272954729,16.5,12.033333333333333,2.389792586713694,1
2551,AM93,0,251798,251827,30,43.5,10.25179731943944,1.2134397481255887,20.0,15.5,2.4726261805720484,1
2552,AM93,0,251963,251987,25,40.0,10.158805068653423,2.5382917639765123,21.0,13.0,2.2815060721748726,1
2553,AM93,0,251992,252023,32,46.0,13.190540964445844,6.0004881496281195,21.5,19.5,2.6736985271576836,2
2554,AM93,0,252052,252077,26,43.0,10.736582122985912,4.685561126281536,21.5,16.5,2.3645122193076773,1
2555,AM93,0,252134,252173,40,53.0,13.766689254121216,3.6374452646142017,8.5,13.5,2.044774797989862,1
2556,AM93,0,252190,252216,27,28.0,8.607102002239111,3.550980601452799,11.0,15.0,2.278307789267358,3
2557,AM99,0,252373,252426,54,28.5,18.56105842891354,15.876087153743933,5.5,10.0,4.920980344266758,3
2558,AM99,0,252430,252534,105,52.5,18.178624510467387,8.669511883808482,12.5,17.0,3.7776401102586274,5
2559,AM99,0,252644,252700,57,30.0,14.62987151396441,11.684907957410234,4.5,10.5,4.260989202152737,3
2560,AM99,0,252705,252835,131,70.5,22.79675195674145,0.5254423444324876,13.0,11.5,3.762371898273415,5
2561,AM99,0,252840,252973,134,71.0,21.201977798325935,0.29206368309294634,14.0,13.0,2.447167265755571,3
2562,AM99,0,252980,253017,38,19.5,9.994134810922304,9.250315535694178,17.5,13.0,4.466140996422081,4
2563,AM99,0,253122,253165,44,21.5,5.4476397952747755,3.0758222173921332,16.0,13.5,1.0955018362321867,2
2564,AM99,0,253171,253202,32,17.5,2.987701622892934,0.2023576333100079,16.5,10.0,1.1177651229972472,2
2565,AM99,0,253220,253253,34,19.0,12.650781384219625,11.722239974792078,19.0,14.0,3.5828606518969472,2
2566,AM99,0,253261,253292,32,17.5,5.488694038241257,0.7494025731437968,18.0,11.5,2.004876141738593,3
2567,AM99,0,253336,253381,46,23.0,4.3155124637340245,0.36763342179909086,12.5,11.5,1.531853045359743,2
2568,AM99,0,253438,253466,29,15.5,3.6424729380995977,0.7920845616217451,18.0,9.5,1.0797962104385377,1
2569,AM99,0,253606,253642,37,19.5,5.988116444425947,0.9475569174169469,16.0,11.5,2.3199170971355954,2
2570,AM99,0,253747,253782,36,17.5,11.101458679554575,9.500129998862615,19.5,13.0,3.338461685050633,4
2571,AM99,0,253791,253894,104,52.0,16.099873097389633,8.237435982606836,18.0,22.0,3.0776025217405807,3
2572,AM99,0,253896,253924,29,14.5,7.506162183443538,2.708993959743598,23.0,13.5,2.578790799349631,3
2573,AM99,0,254023,254052,30,15.0,2.368202484835895,0.9046358167144591,17.5,8.5,0.8614735931282642,2
2574,AM99,0,254068,254115,48,23.5,5.846143066718875,1.8154595677603427,17.0,16.5,2.1491971363423894,3
2575,AM99,0,254139,254172,34,16.5,7.890696026925492,1.6191532824346837,21.5,14.0,3.4009999944343217,3
2576,AM99,0,254188,254217,30,15.0,3.617881056337445,1.2128346442340041,23.0,14.0,1.9294237180094982,4
2577,AM99,0,254798,254824,27,14.5,4.232159563370356,1.994698983393642,18.5,9.0,1.4169142202775389,3
2578,AM99,1,254874,254923,50,25.0,11.585652583809049,4.874178895616152,17.0,18.0,1.8888812221947477,2
2579,AM99,1,255122,255159,38,20.0,8.139623926575283,0.8784352806342239,16.0,12.0,2.7766746171664907,3
2580,AM99,1,255169,255294,126,68.0,34.07718499763576,0.7860717119702988,17.0,13.0,3.8152139850760007,5
2581,AM99,1,255297,255425,129,68.5,28.81728546859935,0.23452224693727267,14.5,11.0,3.5432607148387363,4
2582,AM99,1,255437,255471,35,18.5,7.738343526523507,3.186377094633904,17.0,11.5,2.0844813815461203,2
2583,AM99,1,255475,255515,41,20.5,10.834751395069834,7.3168229235771935,15.5,12.0,2.7890979443374935,3
2584,AM99,1,255520,255565,46,24.0,10.547104520921781,6.05872315992339,14.5,14.5,2.7551311709622954,4
2585,AM99,1,255568,255599,32,18.5,6.392244809409858,3.5630165821965414,16.0,10.5,1.912850035821955,2
2586,AM99,1,255619,255652,34,16.5,6.850072637060955,5.152510687452036,20.5,13.0,2.3960741062841233,2
2587,AM99,1,255678,255739,62,31.5,17.958066720653537,3.2994731095105303,8.0,15.5,3.563402373402345,2
2588,AM99,1,255740,255775,36,18.5,9.127240289022831,5.893485148206958,16.0,10.5,2.1833997265768024,2
2589,AM99,1,255820,255850,31,15.0,3.941704169029452,2.312017839854533,17.5,8.5,1.0969767528403747,2
2590,AM99,1,255927,255963,37,18.0,14.05117891232677,11.059104432036223,23.5,17.5,2.582803414860557,1
2591,AM99,1,256013,256039,27,14.516666666666879,5.373862578290007,1.7538903698001451,19.0,9.516666666666667,0.7514468241091969,2
2592,AM99,1,256103,256127,25,13.0,4.604560994098839,1.44862024567263,18.5,7.5,1.5901960166532796,2
2593,AM99,1,256151,256180,30,16.0,8.133759124607149,2.5527860320186098,15.5,7.5,1.608044348956248,2
2594,AM99,1,256197,256233,37,18.5,8.009213023163454,3.106260807863105,16.5,11.0,1.5348806937610888,1
2595,AM99,1,256243,256270,28,13.5,5.910608967879904,3.4900869045388228,16.5,6.0,1.3768780606944622,2
2596,AM99,1,256382,256409,28,14.0,8.92779685246032,7.657877271281368,19.0,9.0,1.8307895379043075,1
2597,AM99,1,256422,256456,35,18.0,12.368476292305557,8.655693713988114,16.0,10.0,2.4468762455035717,3
2598,AM99,1,256560,256584,25,12.0,5.069167328293943,3.8695809182322294,17.5,5.5,1.2128736508973885,2
2599,AM99,1,256606,256638,33,17.5,7.895359352919067,1.3419931346231972,16.5,10.0,1.9120033816185522,2
2600,AM99,1,256648,256685,38,19.0,7.19008547608809,1.103163340391611,15.0,10.0,1.2769343229973513,2
2601,AM99,1,256692,256738,47,23.5,19.25661257094489,10.885425534834939,13.5,13.0,3.5835996159689287,2
2602,AM99,1,256739,256772,34,18.0,13.493279313979844,10.65846474451914,13.5,7.5,3.281316566005783,2
2603,AM99,1,256810,256857,48,23.5,13.83340467318486,5.179020389261102,14.5,14.0,3.045038748328534,4
2604,AM99,1,256859,256974,116,62.5,31.08720513759635,2.140328617987413,15.0,5.5,3.8207262862258786,1
2605,AM99,1,256981,257077,97,53.0,31.390429507468706,1.0019811465626054,12.0,17.0,3.65641592619761,2
2606,AM99,1,257104,257153,50,25.0,13.55527997423134,6.629588506684845,9.5,10.5,3.5563766723829975,2
2607,AM99,1,257155,257202,48,24.5,12.209610371908445,6.612248516763472,11.5,12.0,3.422608410765202,3
2608,AM99,1,257206,257238,33,17.5,5.717038676268793,0.941339835571059,14.0,7.5,1.6954836519864722,2
2609,AM99,1,257291,257335,45,23.5,10.784533306342691,2.614546838488376,11.5,11.0,3.2180390622284425,3
2610,AM99,1,257336,257430,95,48.5,35.35016626929127,12.826989272885287,11.5,12.0,3.5737810811941015,2
2611,AM99,1,257431,257475,45,24.0,8.034208982239786,0.30003921009684564,12.5,12.5,1.052416752452362,2
2612,AM99,1,257477,257531,55,28.0,21.800948844119226,13.450918849380244,13.5,17.5,3.523635547889648,2
2613,AM99,1,257532,257573,42,21.0,10.112482620171297,6.858891479491574,18.0,15.0,3.640020652670785,2
2614,AM99,1,257576,257712,137,71.5,34.82403048915192,10.942469243198484,16.5,16.0,4.158182603059516,3
2615,AM99,1,258015,258108,94,48.5,19.968042278960482,1.4700858887075794,5.5,6.0,2.977316612135675,2
2616,AM99,1,258117,258158,42,20.5,4.526257133515468,0.591887320881134,10.5,7.0,1.0785788839227937,2
2617,AM99,1,258217,258249,33,16.0,4.964223619308702,0.8752000175237996,14.0,6.0,1.8038472973626176,2
2618,AM99,1,258308,258336,29,15.5,5.174974723138775,1.4324265503520344,16.0,7.5,1.8979453550920002,3
2619,AM99,1,258338,258379,42,21.0,7.415507076873761,0.4101643058292536,8.5,5.5,2.118455926046502,3
2620,AM99,1,258701,258741,41,20.5,5.988525214539825,2.172773948105017,12.0,8.5,2.0272431006210114,5
2621,AM99,1,258759,258783,25,13.0,2.5396686172159075,1.1520925812484681,17.5,6.5,0.7763191259307052,2
2622,AM99,1,259021,259056,36,19.0,8.575362652025905,5.077466707953575,17.0,12.0,1.714495053352309,1
2623,AM99,1,259057,259106,50,28.0,20.187774234178512,13.645020575335767,12.5,16.5,3.396944779597961,2
2624,AM99,1,259109,259135,27,13.5,4.33103938494959,1.2557091191599667,18.0,7.5,1.3758274191267175,2
2625,AM99,1,259251,259304,54,27.0,14.684976411010473,3.318762282783967,17.0,20.0,3.4264367358485233,3
2626,AM99,1,259338,259370,33,21.0,11.507565382848226,7.6233530624450365,15.5,12.5,3.747795238578361,3
2627,AM99,1,259392,259545,154,83.5,50.411574356010874,7.610550604847573,0.0,11.5,3.859085262184857,2
2628,AM99,1,259557,259584,28,16.0,10.3133573938613,9.033755964719989,17.5,9.5,1.688758126916257,1
2629,AM99,1,259629,259655,27,13.0,6.3706938713884975,1.2700661958885129,12.5,1.5,1.7380962732226848,3
2630,AM99,1,259763,259792,30,18.5,5.8281654160516245,1.4436900557508467,12.0,6.5,1.5284329825041705,2
2631,AM99,1,259916,259946,31,23.0,6.6754276647942525,2.592620531901194,10.5,9.5,2.310501271163888,3
2632,AM99,1,260035,260066,32,23.0,6.082940519814564,1.0276583056411077,16.0,15.0,1.4131233039379731,2
2633,AM99,1,260073,260105,33,16.5,8.249492344636153,0.7368548537787949,18.5,11.0,1.5496811625936326,3
2634,AM99,1,260108,260145,38,20.5,9.136944069449124,1.4031113469265004,12.5,9.0,1.6974260975782234,2
2635,AM99,1,260201,260228,28,14.5,7.732080313125178,4.107975765505094,16.5,7.0,1.622205392045413,1
2636,AM99,1,260243,260273,31,15.0,4.766409174593437,0.7717558362159593,15.0,6.0,1.4400537636511612,3
2637,AM99,1,260282,260313,32,17.0,6.5041316124767725,4.278911597229695,16.0,9.0,1.478085319565626,2
2638,AM99,1,260331,260366,36,18.5,10.808167164625575,7.53308694616378,18.0,12.5,3.2980862082891553,4
2639,AM99,1,260412,260439,28,14.5,5.329234550948853,1.1606313941578486,17.5,8.0,1.0215827469900811,2
2640,AM99,1,260681,260705,25,12.5,4.8511560673569525,0.8585887079910166,19.0,7.5,1.1493900706433091,2
2641,AM99,1,260869,260910,42,21.0,12.95577465910824,11.483149647969139,0.0,21.0,2.504851749512563,1
2642,AM99,1,260939,260981,43,22.0,6.436745194253712,2.7281528492050438,13.0,11.0,1.3035259074268817,1
2643,AM99,1,261036,261063,28,14.0,3.4126629650471276,2.6281117831067435,19.5,9.5,1.3769552627312258,3
2644,AM99,1,261118,261150,33,16.5,3.1082743829679944,1.5065711693459716,16.5,9.0,0.8693730162743344,2
2645,AM99,1,261156,261195,40,20.0,8.949499565710102,0.5858477186910688,12.5,8.5,1.7061692480204944,1
2646,AM99,1,261212,261254,43,22.0,16.720610822426888,14.04952097853991,18.5,16.5,2.9683118953097516,2
2647,AM99,1,261256,261283,28,13.5,7.561949573434781,2.0273206136501725,17.5,7.0,1.0909837825371311,1
2648,AM99,1,261301,261331,31,17.0,6.276211492607608,2.875900498522987,16.0,9.0,1.3220308300423875,1
2649,AM99,1,261333,261380,48,26.5,9.803024703016506,0.548592604939983,10.0,12.5,1.4489925088899605,1
2650,AM99,1,261384,261431,48,24.0,12.40084004259467,2.1541682049338067,14.5,14.5,2.915097345473245,3
2651,AM99,1,261438,261466,29,15.0,10.703878992501101,1.1024837074857243,18.0,9.0,2.5525352645232213,2
2652,AM99,1,261480,261509,30,14.5,4.2899967816743265,2.15182772027745,16.0,6.5,1.2283019466673675,2
2653,AM99,1,261581,261616,36,17.5,10.619272896983906,0.5697161837560442,19.0,12.5,1.1182859510318162,2
2654,AM99,1,261625,261649,25,13.5,6.301207680176204,2.4709050792726783,17.0,6.5,1.243209984887396,2
2655,AM99,1,261662,261696,35,17.5,7.294228740490583,2.54599541945752,13.5,7.0,1.3522763835719827,2
2656,AM99,1,261767,261798,32,17.0,12.15379565256689,9.624789398174903,20.0,13.0,3.5946867708219954,2
2657,AM99,1,261871,261919,49,25.0,13.954054791167046,2.0996569228189124,8.0,9.0,4.006071765627832,3
2658,AM99,1,261995,262023,29,14.0,12.013666951020943,9.162456841735212,2.0,16.0,3.1190325255587594,2
2659,AM99,1,262068,262120,53,28.0,17.203619594671775,13.350546711028608,16.0,20.0,2.394791336607711,2
2660,AM99,1,262249,262283,35,19.0,8.029014248751881,5.5356465169600035,16.0,11.0,2.0460846689616123,2
2661,AM99,1,262301,262326,26,13.5,7.169679044765855,0.4524218684310558,20.0,9.5,1.2403446495953565,1
2662,AM99,1,262341,262378,38,18.5,12.139802028590404,9.62609634538919,17.0,11.5,3.1933151227381344,3
2663,AM99,1,262436,262468,33,16.0,5.863128592476377,2.510259950487183,23.5,15.5,2.1592062481115963,2
2664,AM99,1,262520,262560,41,21.5,8.547451976176507,6.5643355834357875,18.5,16.0,2.1025567981960207,3
2665,AM99,1,262611,262657,47,25.0,12.7794070174124,5.829486188797112,18.5,19.5,3.0788771914522526,4
2666,AM99,1,262709,262741,33,16.0,3.673039586195762,2.096447439426108,23.0,15.0,0.9395851087293174,2
2667,AM99,1,262772,262796,25,12.0,8.978144063145034,7.397154839061619,7.5,19.5,1.2140392469827674,2
2668,AM99,1,262838,262864,27,14.0,5.812176456537348,4.2239941026233305,20.0,10.0,1.5746499603952662,2
2669,AM99,1,262977,263011,35,18.0,9.939385545386235,2.879652365969672,21.0,15.0,1.5685373379678498,2
2670,AM99,1,263107,263284,178,93.5,40.94401606194403,12.209303719820156,16.5,14.0,6.12954233271159,4
2671,AM99,0,263339,263371,33,16.5,3.988469092002983,0.3507354291948083,22.0,14.5,1.9051684905930657,2
2672,AM99,0,263386,263418,33,17.0,9.225960284540745,1.0630876405103258,22.0,15.0,4.37623802579278,3
2673,AM99,0,263429,263470,42,21.5,9.549326379539039,1.4437084485974108,20.5,18.0,4.381512844782693,3
2674,AM99,0,263508,263542,35,17.0,4.648683293146056,0.7219689518487902,16.5,9.5,1.140089685492661,3
2675,AM99,0,263545,263582,38,20.0,6.4583768900405465,2.3674652683457182,11.0,7.0,1.3897997002051314,3
2676,AM99,0,263644,263691,48,24.5,17.40244527613547,12.080636057054022,15.0,15.5,6.178095018553409,3
2677,AM99,0,263702,263729,28,13.983333333333576,4.054630455783582,0.34435312139988566,21.016666666666666,11.0,1.783921625460765,2
2678,AM99,0,263732,263776,45,24.0,11.08059692611103,1.020026177910427,12.5,12.5,1.8828522467336188,3
2679,AM99,0,263796,263832,37,18.0,12.43978329730369,10.941698935463418,23.0,17.0,3.6174234464876562,2
2680,AM99,0,263890,263960,71,35.5,19.44641973949431,11.437061853773535,0.5,12.0,6.350501669964667,3
2681,AM99,0,263961,264004,44,22.5,9.703548169387568,0.4393377625702273,12.5,11.0,1.6467406189545348,2
2682,AM99,0,264023,264072,50,25.5,17.904074715907118,15.567791150849471,22.0,23.5,6.245534754300926,2
2683,AM99,0,264073,264105,33,16.0,5.096214116539492,0.9151002031863453,0.0,16.0,2.485185697470111,3
2684,AM99,0,264106,264143,38,19.5,5.240448878341344,0.3969270890073552,16.5,12.0,2.2882226421178005,3
2685,AM99,0,264144,264282,139,71.5,30.22753106864485,0.38737024518426433,12.5,12.0,5.25655536215897,5
2686,AM99,0,264283,264436,154,80.0,26.08497093934066,13.25780680996963,12.5,20.5,6.138010862485254,5
2687,AM99,0,264438,264505,68,34.5,19.98559915008311,13.932588806647898,21.5,8.0,5.757395220139752,3
2688,AM99,0,264567,264616,50,25.5,9.48470974061621,8.07684672003517,16.5,18.0,3.6170436025333776,5
2689,AM99,0,264625,264668,44,22.5,23.001397015272975,10.581582244463652,22.5,21.0,6.12492555941032,2
2690,AM99,0,264670,264694,25,13.5,2.951759202495933,0.6063122911721278,22.0,11.5,1.0398367700756768,3
2691,AM99,0,264695,264806,112,58.5,17.7362004581487,0.08680971375108143,12.0,22.5,4.34558115772567,4
2692,AM99,0,264807,264867,61,33.0,10.989766966675525,0.5303887989788606,23.0,8.0,3.583548242051687,3
2693,AM99,0,264868,264920,53,26.5,15.87978299701949,10.67970420237027,8.5,11.0,3.3556978138910707,3
2694,AM99,0,264976,265056,81,41.0,14.125255737934893,2.9636751080169987,18.5,11.5,4.387653342989526,5
2695,AM99,0,265112,265144,33,16.0,5.390412550402759,2.573623925959949,16.5,8.5,1.1004606981611094,1
2696,AM99,0,265165,265199,35,18.5,8.246608480404097,1.818386115424107,21.0,15.5,3.5182387058380367,3
2697,AM99,0,265201,265237,37,20.0,9.014821991110054,0.2772794350962663,16.5,12.5,1.7318878608884198,2
2698,AM99,0,265242,265293,52,28.0,12.585518929995144,2.161758919113506,15.0,19.0,4.480879492653368,3
2699,AM99,0,265300,265369,70,38.5,19.15193658626511,16.297153206036544,22.5,13.0,6.2979906896768725,3
2700,AM99,0,265370,265425,56,28.5,16.507896820322763,10.652507235670003,13.5,18.0,3.8289534940195606,4
2701,AM99,0,265482,265550,69,36.0,11.243585910261093,7.4580322575964395,0.0,12.0,3.542775377895065,2
2702,AM99,0,265555,265600,46,24.0,13.10581907773975,1.9261116172048574,14.5,14.5,4.680068741413316,3
2703,AM99,0,265601,265698,98,50.5,24.358761129535097,7.335835404754554,15.5,18.0,4.731178423592499,5
2704,AM99,0,265699,265746,48,27.5,16.33685414795452,9.521092510772515,18.5,22.0,4.033565404397206,2
2705,AM99,0,265805,265859,55,27.5,10.492972629107863,8.588472982595825,10.5,14.0,3.6265821593306153,4
2706,AM99,0,265862,265950,89,45.0,15.495488363122815,0.7358840194536204,15.5,12.5,4.368790683761723,3
2707,AM99,0,265952,266033,82,44.5,14.700628425100756,10.152445917257383,14.0,10.5,4.517662359670871,5
2708,AM99,0,266034,266106,73,36.0,13.588540172537138,10.379759201955926,11.0,23.0,3.8014562651766473,3
2709,AM99,0,266108,266181,74,37.0,13.414697021979109,0.9778590233595597,0.0,13.0,4.2751036571317345,3
2710,AM99,0,266183,266231,49,24.016666666666424,5.373217733296963,0.6778189053190361,14.0,14.016666666666667,1.7383782446976817,2
2711,AM99,0,266247,266318,72,37.5,14.363606820277443,2.395498830297021,22.0,11.5,4.54707104945951,5
2712,AM99,0,266322,266377,56,28.5,13.682999641971985,10.501752949634152,13.5,18.0,4.557557513557291,3
2713,AM99,0,266378,266457,80,43.0,15.429983954724415,0.42147478935975713,18.5,13.5,3.4108092619947046,3
2714,AM99,0,266469,266555,87,43.0,13.079244253524404,0.6971882249774526,19.5,14.5,2.6693916473759516,3
2715,AM99,0,266561,266600,40,19.5,7.206713805320184,0.7209208629564494,18.0,13.5,1.7506845259224755,2
2716,AM99,0,266610,266680,71,38.5,14.333494343236854,0.49607208395660746,18.5,9.0,2.466247255191157,1
2717,AM99,0,266689,266775,87,45.5,13.305174121938611,10.753410638508418,13.5,11.0,3.7997904963528204,5
2718,AM99,0,266784,266914,131,69.5,26.06731610910831,0.7914142707913007,15.5,13.0,4.758922212743872,5
2719,AM99,0,266919,267000,82,42.0,12.80911361901475,1.8602073525420395,16.0,10.0,4.216926582748071,3
2720,AM99,0,267013,267092,80,42.5,13.959626276801377,0.48252047506805756,16.5,11.0,4.154593304237302,4
2721,AM99,0,267116,267156,41,21.0,5.305569543676013,0.8071769682156988,0.5,21.5,2.304724426480263,3
2722,AM99,0,267162,267196,35,17.483333333333576,7.227323956690564,0.16465931374153472,0.5166666666666667,18.0,3.2409835579426836,2
2723,AM99,0,267228,267290,63,32.0,8.99421172337559,6.927275160916421,11.5,19.5,3.6164867328645975,3
2724,AM99,0,267303,267373,71,36.0,15.458999671689805,9.28072277882581,2.0,14.0,4.12875475884872,4
2725,AM99,0,267383,267462,80,42.0,18.824889568124846,15.881149199704943,19.0,13.0,6.097011838515645,2
2726,AM99,0,267463,267504,42,22.0,4.488621062739939,0.3305513669589347,14.0,12.0,1.9630472825301712,2
2727,AM99,0,267739,267786,48,24.0,11.945840087423903,8.638773128912192,16.0,16.0,3.020873304398969,3
2728,AM99,0,267884,267964,81,42.0,18.765283990833773,11.18908540285735,22.0,16.0,4.80240881660093,2
2729,AM99,0,267970,268071,102,51.5,13.746882104112526,0.5349924444814658,19.0,22.5,2.6254643187043762,3
2730,AM99,0,268105,268184,80,46.0,12.743874880314106,0.9082291592076227,19.0,17.0,2.040519094267254,2
2731,AM99,0,268185,268219,35,18.5,5.214727979999999,0.2925848125197782,17.5,12.0,2.437049898555605,3
2732,AM99,0,268237,268287,51,28.5,6.972234669061995,0.3884252480504788,21.5,2.0,1.378902981786612,4
2733,AM99,0,268289,268398,110,60.5,11.765099434343343,0.21720576081545306,3.0,15.5,2.1473706234509375,4
2734,AM99,0,268400,268432,33,19.0,2.247384291703888,0.7442933950846695,16.5,11.5,0.8469227872223521,2
2735,AM99,0,268449,268564,116,62.0,14.289262447399246,0.777997017129991,20.0,10.0,2.940033263110489,5
2736,AM99,0,268587,268707,121,63.0,14.49652634784581,1.0906228988635862,21.5,12.5,2.2352415847821705,2
2737,AM99,0,268710,268757,48,25.0,7.680143612030191,0.50286098515631,14.0,15.0,2.9910354654618394,4
2738,AM99,0,268932,268963,32,17.5,8.291754614271257,2.546149749797766,19.0,12.5,3.6065048909355006,4
2739,AM99,0,268970,269021,52,26.0,11.174707533108208,9.008139281817227,16.0,18.0,4.480287763443862,4
2740,AM99,0,269064,269093,30,16.0,2.560542490241338,0.9483155899064153,17.5,9.5,1.2969743115644856,2
2741,AM99,0,269107,269138,32,17.5,6.620817128489287,5.142584639935441,16.5,10.0,2.6853864950878568,3
2742,AM99,0,269154,269192,39,21.0,6.4081051098493775,4.750153984311005,18.0,15.0,2.658639961598885,2
2743,AM99,0,269237,269269,33,17.0,3.5807178739551033,1.1528405080743234,17.0,10.0,1.436447297423589,2
2744,AM99,0,269422,269450,29,15.5,2.9598159148404055,1.5520962089467898,18.0,9.5,0.7837777902173907,2
2745,AM99,0,269463,269500,38,18.5,5.583007370136362,1.3278342845217859,17.0,11.5,2.2439919026197495,3
2746,AM99,0,269539,269606,68,33.5,7.3302567950148285,0.7924245049776153,9.0,18.5,2.2911575794641,3
2747,AM99,0,269621,269649,29,16.0,6.790317464255598,5.566939923970433,2.0,18.0,3.125255264695076,3
2748,AM99,0,269699,269831,133,72.5,24.05806881328887,15.960892177308747,10.5,11.0,5.23706704366618,2
2749,AM99,0,269925,269974,50,26.0,6.333523428679146,0.25061112621326953,13.0,15.0,2.6576890564278193,2
2750,AM99,0,269986,270020,35,17.5,3.204773034629577,0.2844929431059028,21.0,14.5,1.506728132034786,3
2751,AM99,0,270031,270058,28,16.0,5.1311568835204815,1.6324078928068915,20.0,12.0,1.8862413734055954,2
2752,AM99,0,270065,270108,44,22.0,9.427007597048938,0.42503439143563737,15.5,13.5,4.052235369327145,3
2753,AM99,0,270155,270199,45,22.5,4.396549073767675,0.102108109778042,15.5,14.0,1.8803316106933867,2
2754,AM99,0,270207,270296,90,46.5,12.099463546245765,0.8817849950379637,18.0,16.5,4.284802920326546,5
2755,AM99,0,270343,270379,37,19.5,7.735818904364537,0.9345538261788319,16.0,11.5,2.9927429981504026,2
2756,AM99,0,270387,270469,83,41.5,11.232252602709236,0.12216250044638947,15.5,9.0,3.9137001172598307,3
2757,AM99,0,270481,270539,59,29.5,14.5334105341921,9.831491079915448,15.5,21.0,4.587902357570079,3
2758,AM99,0,270589,270622,34,17.5,5.7523433255714,3.3418589014914346,22.0,15.5,1.4490400791204894,2
2759,AM99,0,270661,270710,50,25.0,10.374678379699198,9.026245375872772,13.5,14.5,3.574898604275881,3
2760,AM99,0,270720,270754,35,17.0,6.890805163507652,2.110011724034986,19.5,12.5,2.839991535953111,2
2761,AM99,0,270773,270798,26,12.5,4.792828635433144,1.4869628002076987,22.5,11.0,2.0362322256222924,2
2762,AM99,0,270809,270891,83,42.0,11.43617353546015,0.6718583289755947,16.5,10.5,3.9662398622752337,3
2763,AM99,0,270907,270944,38,18.5,6.021093817898819,1.4397266350087503,18.5,13.0,2.128949485446727,3
2764,AM99,0,270961,270987,27,13.0,3.99371116409972,1.252575039795133,22.0,11.0,1.0533536226940214,1
2765,AM99,1,271009,271033,25,12.5,3.6028249314150536,1.3059598776011052,22.0,10.5,1.3558164664147645,2
2766,AM99,1,271090,271127,38,19.5,4.831821924494269,2.7231182772453564,16.5,12.0,1.3269600250489402,3
2767,AM99,1,271133,271168,36,17.5,5.6817860345942846,2.2687577572909072,15.0,8.5,1.543168829771753,4
2768,AM99,1,271202,271266,65,33.5,10.717685594769268,7.283393461187364,2.0,11.5,3.7395290608186675,2
2769,AM99,1,271276,271314,39,20.5,8.625646160056814,0.8976052071590959,16.5,13.0,1.6880945081534018,2
2770,AM99,1,271323,271361,39,21.0,10.564931361352,7.887592693345874,17.5,14.5,3.949490939309362,3
2771,AM99,1,271370,271400,31,15.0,7.040072874108165,0.5200129540582897,19.0,10.0,1.2709203463517453,2
2772,AM99,1,271546,271575,30,15.0,2.8146023054299287,2.338102557945289,15.5,6.5,1.3403452629835504,3
2773,AM99,1,271596,271623,28,14.0,4.774667843332117,3.9009440070117574,17.0,7.0,1.417201313164319,2
2774,AM99,1,271684,271710,27,15.0,5.539811822894798,4.093680048379612,18.5,9.5,1.5441969435189709,2
2775,AM99,1,271725,271767,43,22.0,8.924592051055772,1.8414693337106087,17.0,15.0,1.3509381214796357,1
2776,AM99,1,271817,271851,35,18.0,11.604239769182039,9.456125551473818,17.5,11.5,3.4274480617097773,1
2777,AM99,1,271965,271995,31,15.0,7.9603565952455755,6.84399410031477,23.0,14.0,3.0328107435609057,3
2778,AM99,1,272003,272028,26,14.0,3.6951449418515625,3.387583584568807,18.0,8.0,0.5616578583542342,1
2779,AM99,1,272035,272077,43,22.0,10.659510131859015,9.882223567869048,11.5,9.5,3.715781495366295,2
2780,AM99,1,272091,272127,37,18.0,4.852288579705189,2.9403865321210128,16.5,10.5,1.9824877219819996,3
2781,AM99,1,272139,272181,43,21.5,6.127019858244478,2.4700784977065045,17.0,14.5,2.456901433268544,3
2782,AM99,1,272185,272214,30,16.5,7.159862792623759,2.1312566541861804,16.5,9.0,1.823340159840237,2
2783,AM99,1,272285,272462,178,94.0,27.731988243723304,7.278501885169167,17.0,15.0,1.7534050884113188,1
2784,AM99,1,272621,272658,38,19.5,8.491797230067325,2.625704982481083,10.5,6.0,1.5424553291170087,2
2785,AM99,1,272662,272729,68,34.5,15.170474539821148,10.065624391322007,8.0,18.5,2.420819441051113,4
2786,AM99,1,272735,272759,25,13.5,3.096500601459673,1.9358637968668466,21.5,11.0,0.6668563621647312,2
2787,AM99,1,272907,272942,36,17.5,5.025022894802414,0.868690752729354,17.0,10.5,1.1959913181064235,4
2788,AM99,1,273084,273137,54,26.5,11.703438046439915,3.3354530343163526,15.5,18.0,1.9909996433698491,2
2789,AM99,1,273179,273220,42,20.5,7.013894757153541,3.2548140322959296,18.5,15.0,1.3655182271277382,5
2790,AM99,1,273223,273306,84,44.5,16.05342812356253,8.716776220230052,16.5,13.0,1.5962275585199468,2
2791,AM99,1,273317,273341,25,13.0,2.2307198957942895,1.189817004793758,19.0,8.0,0.8631459356779654,2
2792,AM99,1,273405,273436,32,16.0,4.789073700442803,2.4557061015953683,16.0,8.0,1.5935203827976216,2
2793,AM99,1,273447,273480,34,16.5,5.6349157837580615,1.5914532683252391,14.0,6.5,1.4028924952094683,2
2794,AM99,1,273541,273574,34,20.0,5.09978978362211,0.4451844104489443,17.0,13.0,1.1790856879114744,3
2795,AM99,1,273582,273610,29,17.5,5.828896296856448,2.633111903311411,17.0,10.5,1.416505497980307,3
2796,AM99,1,273667,273697,31,16.0,4.961597081820234,0.5392636000912616,17.5,9.5,1.3071924079834363,3
2797,AM99,1,273753,273781,29,15.0,3.6020448434642542,1.0296795374813925,17.0,8.0,1.195817454437658,3
2798,AM99,1,273842,273874,33,17.5,3.880127506978031,0.30955265793856196,17.5,11.0,1.1902044440512047,2
2799,AM99,1,273875,273910,36,18.0,4.2588460316783605,2.4760658108809603,11.5,5.5,1.1338394643462057,2
2800,AM99,1,273971,274012,42,22.0,6.833927182505617,4.532327745016816,14.0,12.0,1.7673321267527178,4
2801,AM99,1,274112,274149,38,21.0,8.651211435820095,5.111198031536661,15.0,12.0,1.7208623833723957,3
2802,AM99,1,274196,274228,33,20.5,7.390473912028833,2.2794022901253963,15.0,11.5,2.019583893354172,3
2803,AM99,1,274274,274304,31,15.0,7.896126020496389,1.4658878623467646,16.0,7.0,2.3814194528191552,3
2804,AM99,1,274318,274353,36,18.0,8.276059395446552,3.2228357796400084,15.5,9.5,1.8691251501605086,2
2805,AM99,1,274358,274405,48,23.5,12.8122507321782,1.643102539930122,12.0,11.5,2.7871999564180756,2
2806,AM99,1,274412,274447,36,17.5,14.03284479593276,9.937568929245337,15.0,8.5,3.6381471758400026,4
2807,AM99,1,274487,274524,38,26.016666666666424,9.921409670479564,2.8060593025692553,5.5,7.516666666666667,1.9809368781993928,2
2808,AM99,1,274566,274637,72,41.0,24.713573282244955,1.851872839529948,18.0,11.0,2.9369398792079946,5
2809,AM99,1,274639,274678,40,21.0,11.009680407369075,0.7530985755544731,12.0,9.0,2.69229348830011,2
2810,AM99,1,274685,274775,91,48.5,29.6432666386991,5.701485946493397,12.5,13.0,3.110918570485566,2
2811,AM99,1,274879,274905,27,13.0,4.573564127561336,1.6942653075855982,17.5,6.5,1.0935105000885148,2
2812,AM99,1,274927,274965,39,20.0,11.33470731833959,2.667691363788351,18.0,14.0,3.1883870791415903,2
2813,AM99,1,275019,275048,30,15.0,7.355762549408721,0.8504535674686958,17.5,8.5,1.4152605972473273,2
2814,AM99,1,275064,275088,25,12.5,3.035599838124118,1.9334210596107735,16.5,5.0,1.0803078486622364,2
2815,AM99,1,275151,275186,36,18.0,11.42682564512496,0.8477486386698933,14.5,8.5,3.9214247365353714,3
2816,AM99,1,275203,275238,36,18.5,9.155458757043844,3.0434852700529706,17.0,11.5,3.191742153625264,3
2817,AM99,1,275298,275338,41,21.0,7.75587525865165,2.2981913145990043,13.0,10.0,1.642438591278947,2
2818,AM99,1,275347,275378,32,15.5,4.695054260582555,0.3447280721311205,15.5,7.0,1.2099330887146804,3
2819,AM99,1,275379,275457,79,39.0,23.45490600953175,4.5398083972723215,7.5,22.5,3.092498267253006,2
2820,AM99,1,275716,275842,127,65.5,31.342578999742315,0.22980248688660473,15.5,9.0,4.0864198409387065,3
2821,AM99,1,275843,275885,43,21.5,15.106511145009161,1.984384888886812,9.5,7.0,3.64193107957795,3
2822,AM99,1,275904,275938,35,19.0,10.643089420398923,1.1614053257116208,16.5,11.5,3.4052547190069022,3
2823,AM99,1,276076,276195,120,62.0,48.01023620632403,4.921911992110037,16.5,6.5,4.882180532499676,5
2824,AM99,1,276210,276243,34,16.5,15.821024202811525,14.090120693158758,15.0,7.5,4.616533843254071,2
2825,AM99,1,276300,276341,42,22.0,9.90415198203965,0.33847600351161516,14.0,12.0,3.0709083042107053,2
2826,AM99,1,276343,276386,44,21.5,11.614897742754504,7.306649746605224,13.0,10.5,2.945567247058887,3
2827,AM99,1,276388,276428,41,24.5,9.051299287798098,2.26011813727423,11.5,12.0,2.2370729254873254,2
2828,AM99,1,276510,276557,48,25.0,14.141299503114974,9.80323648734424,10.0,11.0,3.199917896163171,4
2829,AM99,1,276565,276599,35,18.5,7.5734247133714145,1.5214177499149184,15.0,9.5,2.643871834512329,2
2830,AM99,1,276612,276778,167,87.0,29.577331007357447,1.5592816570204973,16.5,7.5,2.941390168091638,5
2831,AM99,1,276792,276846,55,27.0,11.081039568337767,4.722130061638871,14.5,17.5,3.25900392470619,3
2832,AM99,1,276847,276925,79,42.5,16.80602879460827,2.398192356500888,18.0,12.5,2.9451588451039723,5
2833,AM99,1,276931,276966,36,19.0,8.370619616877496,1.3727039148549318,15.5,10.5,2.9140856048814765,3
2834,AM99,1,276974,277012,39,20.0,8.331961239257675,2.5267218863025076,15.0,11.0,3.2473177307347765,3
2835,AM99,1,277014,277064,51,25.0,13.855163406990956,7.752998315547364,12.0,13.0,2.81262588673928,2
2836,AM99,1,277118,277147,30,15.0,16.96056882621009,1.0838297485849573,19.0,10.0,2.6934523968928636,1
2837,AM99,1,277160,277199,40,19.5,10.255341268507118,2.371730480743206,16.5,12.0,2.932292687177902,3
2838,AM99,1,277205,277256,52,27.0,9.3013177306273,0.8271259707598942,15.5,18.5,1.6298863896853826,2
2839,AM99,1,277257,277296,40,21.5,9.432655646940976,0.40550168784594137,19.0,16.5,3.0013450980140335,3
2840,AM99,1,277297,277334,38,19.5,11.436188918856319,8.7374628648223,17.0,12.5,2.7212366865469844,2
2841,AM99,1,277679,277709,31,15.0,7.249926365277878,1.6603771260889295,16.5,7.5,1.6873083369484367,2
2842,AM99,1,277856,277885,30,18.0,7.615017487888231,0.5639104817019588,13.0,7.0,2.2272391683706294,2
2843,AM99,1,277954,277985,32,16.5,7.731916492383655,4.185754318608131,19.5,12.0,3.0409542604059765,2
2844,AM99,1,278038,278067,30,15.0,9.849444119536297,4.413122223005448,16.5,7.5,2.1588385277057456,2
2845,AM99,1,278088,278119,32,16.0,6.813055019236389,0.6246954737667062,18.0,10.0,2.12795588415942,1
2846,AM99,1,278224,278258,35,20.5,11.540946656564236,8.23454255353177,15.0,11.5,3.005051769677373,3
2847,AM99,1,278272,278310,39,21.0,9.573800949066129,6.8972022940965205,20.0,17.0,2.970811729601888,3
2848,AM99,1,278352,278394,43,21.5,9.856178510231356,6.360978983875173,15.5,13.0,2.5152723686552134,3
2849,AM99,1,278447,278479,33,18.0,8.353843781158892,1.0443478265416641,16.5,10.5,1.5353857140917,2
2850,AM99,1,278496,278528,33,17.5,6.828164787494632,3.4418110060240528,19.0,12.5,1.7993247374209,2
2851,AM99,1,278584,278616,33,16.5,6.123172866087689,5.156818160550512,17.0,9.5,2.1450305193292265,2
2852,AM99,1,278635,278660,26,16.0,6.62540546291848,5.771833764862122,19.0,11.0,2.0387146378880368,2
2853,AM99,1,278787,278824,38,18.5,7.3935706221957975,2.702481994241924,16.0,10.5,1.698676997605976,3
2854,AM99,0,278874,278901,28,16.0,6.427475759966996,0.8704832278938149,17.0,9.0,3.347017742651357,3
2855,AM99,0,278993,279024,32,15.5,6.95529133468726,0.7563830800573071,19.0,10.5,1.8745146268344266,2
2856,AM99,0,279029,279055,27,13.0,4.766618590334789,3.025492230953094,13.0,2.0,1.715832476108575,2
2857,AM99,0,279201,279230,30,14.5,7.263896234290733,1.1450529705058274,23.5,14.0,3.4307066401066972,2
2858,AM99,0,279385,279418,34,18.0,5.483362990522748,3.966954285504775,19.0,13.0,2.0347107160052507,2
2859,AM99,0,279420,279462,43,23.0,8.694947341593885,4.679612959156134,14.0,13.0,3.512149700187161,3
2860,AM99,0,279475,279549,75,43.5,20.471354303274858,8.514802349013832,19.5,15.0,3.9240591963432765,5
2861,AM99,0,279553,279595,43,21.0,11.298149271145459,1.4492416301547155,17.0,14.0,2.9167207464313183,4
2862,AM99,0,279684,279712,29,14.0,4.572706490726033,1.2861867049733844,19.5,9.5,2.126089580720567,3
2863,AM99,0,279731,279761,31,15.0,4.750984745089668,1.087199532344764,19.0,10.0,2.0383415543126393,3
2864,AM99,0,279817,279850,34,18.5,8.3410875864998,1.0075169360452083,16.5,11.0,3.1747499717600016,2
2865,AM99,0,279864,279895,32,16.0,4.891367032495676,2.997850498693732,20.5,12.5,1.747502112007065,3
2866,AM99,0,279991,280028,38,19.0,7.147303610865726,1.795198208908967,16.5,11.5,1.7163428373827572,2
2867,AM99,0,280035,280070,36,19.5,2.7372028843879335,0.7340295663359053,15.0,10.5,0.7866068227243578,2
2868,AM99,0,280154,280192,39,19.0,3.5930688915838567,1.5779248853374812,14.0,9.0,0.8342085633525577,2
2869,AM99,0,280199,280240,42,21.0,5.006180151294243,0.3937153733846324,12.5,9.5,1.3469500425024974,2
2870,AM99,0,280260,280290,31,16.5,4.233691705180552,1.1674285317982245,20.0,12.5,1.1974702808170212,2
2871,AM99,0,280292,280331,40,21.5,9.196314487404457,5.6962576582919695,13.5,11.0,2.781307051405684,2
2872,AM99,0,280337,280376,40,21.5,10.602723453830448,1.68738394133193,14.0,11.5,3.4996150215483643,3
2873,AM99,0,280387,280421,35,18.0,9.0480952568771,0.7170852088970273,17.5,11.5,2.8771154305445155,3
2874,AM99,0,280430,280466,37,18.5,8.477152878542364,6.056170570042988,17.5,12.0,2.8018150449911627,4
2875,AM99,0,280476,280509,34,16.5,7.410349082001976,5.311966002456411,17.0,9.5,2.6831253339036008,3
2876,AM99,0,280527,280554,28,16.5,8.130316007694132,1.9526685043898158,18.5,11.0,2.4280939596923345,2
2877,AM99,0,280565,280612,48,23.5,11.899591222291976,1.259688127367037,16.5,16.0,3.117941233735864,3
2878,AM99,0,280613,280648,36,20.5,9.299687220836105,8.052079469847616,16.5,13.0,3.861351596676072,3
2879,AM99,0,280654,280692,39,19.5,8.795365606017452,2.549780679146606,17.5,13.0,3.649631799019659,4
2880,AM99,0,280759,280876,118,63.0,27.56700919772426,11.816323262088957,2.0,17.0,6.027283933602073,5
2881,AM99,0,280887,280914,28,14.0,6.434183689353353,2.253741102265792,23.0,13.0,1.4497558954661693,2
2882,AM99,0,280925,280999,75,42.0,12.101424739185848,1.123924794752028,19.0,13.0,4.7959908991751625,4
2883,AM99,0,281022,281079,58,34.5,12.23390180079906,1.9983160133714875,1.5,12.0,4.292678769620085,5
2884,AM99,0,281095,281129,35,17.0,9.369188872001315,2.5005813142003928,20.0,13.0,4.037838437436816,3
2885,AM99,0,281131,281223,93,47.5,14.005383042827388,2.0213698109111564,14.0,13.5,1.8008683045378147,5
2886,AM99,0,281232,281303,72,36.5,11.161471558603186,1.442839178226365,19.0,7.5,4.370257634265649,2
2887,AM99,0,281304,281365,62,35.0,12.21470284566249,0.5860700834243644,8.0,19.0,4.260419793228087,3
2888,AM99,0,281371,281440,70,37.0,11.668265811682302,1.4293737333021796,22.0,11.0,3.8825491242545294,3
2889,AM99,0,281441,281523,83,43.5,12.469760937487104,2.419952581289957,11.5,7.0,1.8697092596887004,2
2890,AM99,0,281553,281622,70,35.5,11.980432828850333,0.4087034011448921,22.5,10.0,4.888140246634258,4
2891,AM99,0,281631,281676,46,22.5,9.989999292830461,2.1195225342472814,14.5,13.0,4.183488373675681,4
2892,AM99,0,281688,281725,38,20.0,8.541556497537279,0.8169083031936951,19.0,15.0,3.588460846094917,3
2893,AM99,0,281750,281805,56,29.5,10.023654991448009,1.3560861647844302,6.0,11.5,3.6301313053201256,3
2894,AM99,0,281809,281857,49,24.0,9.151301178850103,0.7500495324767823,13.5,13.5,3.6723578754462647,3
2895,AM99,0,281864,282089,226,117.0,42.66861328541017,1.9431107205680505,17.0,14.0,4.3242869130507575,5
2896,AM99,0,282097,282139,43,20.983333333333576,13.895642858011676,10.118311299617128,18.016666666666666,15.0,4.327904024252671,3
2897,AM99,0,282198,282227,30,16.0,13.447305600536412,11.621121251715538,23.0,15.0,4.267199287454127,2
2898,AM99,0,282228,282259,32,20.0,5.80443358727019,1.8599325401243467,15.5,11.5,1.593527837311603,2
2899,AM99,0,282342,282384,43,21.0,8.348915633813755,1.8326020292559257,16.5,13.5,3.464264112118752,4
2900,AM99,0,282431,282486,56,28.0,13.134501031854978,9.363894030471691,13.0,17.0,4.725462154084537,3
2901,AM99,0,282532,282659,128,64.0,26.124387350746364,13.993082125488096,17.5,9.5,4.076441936189832,5
2902,AM99,0,282670,282723,54,27.0,10.146486134680302,2.2007404104446415,15.0,18.0,3.7924812665134837,4
2903,AM99,0,282724,282761,38,19.0,6.227814969443231,1.786121481696645,18.5,13.5,1.8174370232621215,2
2904,AM99,0,282768,282858,91,47.5,17.06004063831765,2.2735846521144816,17.0,16.5,4.245288661208308,3
2905,AM99,0,282871,282901,31,15.0,3.2588821366285607,1.2547636983259658,23.0,14.0,1.1669906149617415,2
2906,AM99,0,282925,282957,33,16.0,4.16888727742693,0.34555292147254196,3.0,19.0,2.0396939229840503,2
2907,AM99,0,282963,282999,37,18.5,4.227712223258806,0.48397581177008087,22.0,16.5,1.8030567310264103,3
2908,AM99,0,283002,283081,80,41.5,13.049586394709703,9.55866266898545,18.0,11.5,5.111353008861715,4
2909,AM99,0,283130,283345,216,117.5,41.45723234939397,16.129336702826485,17.5,15.0,5.619541859553296,5
2910,AM99,0,283368,283428,61,33.0,10.277291293648846,2.68648001708441,2.5,11.5,2.8718370725784603,3
2911,AM99,0,283449,283480,32,15.5,8.512320298888296,0.5841142984619869,22.0,13.5,3.067197133485397,3
2912,AM99,0,283553,283621,69,34.5,12.87912995290576,10.461162934438036,2.5,13.0,3.818054189086765,3
